Kingdom,Phylum,Class,Order,Family,Genus,Species
Bacteria,Pseudomonadota,Alphaproteobacteria,Rickettsiales,Anaplasmataceae,Wolbachia,NA
Bacteria,Pseudomonadota,Alphaproteobacteria,Rickettsiales,Anaplasmataceae,Wolbachia,Wolbachia endosymbiont of Aedes albopictus
Bacteria,Firmicutes,Bacilli,Lactobacillales,Lactobacillaceae,Holzapfelia,NA
Bacteria,Proteobacteria,Gammaproteobacteria,Orbales,Orbaceae,Gilliamella,NA
Bacteria,Proteobacteria,NA,NA,NA,NA,NA
Bacteria,Pseudomonadota,Alphaproteobacteria,Rickettsiales,Anaplasmataceae,Wolbachia,Wolbachia pipientis
Bacteria,Proteobacteria,Gammaproteobacteria,Enterobacterales,Enterobacteriaceae,NA,NA
Bacteria,Proteobacteria,Gammaproteobacteria,Enterobacterales,Erwiniaceae,Erwinia,[Pantoea] cedenensis
Bacteria,Proteobacteria,Alphaproteobacteria,Rhodospirillales,Acetobacteraceae,Saccharibacter,NA
Bacteria,Proteobacteria,Alphaproteobacteria,Rhodospirillales,Acetobacteraceae,Asaia,NA
Bacteria,Firmicutes,Bacilli,Lactobacillales,Lactobacillaceae,Apilactobacillus,Apilactobacillus micheneri
Bacteria,Proteobacteria,Gammaproteobacteria,Pseudomonadales,Moraxellaceae,NA,NA
Bacteria,Firmicutes,Bacilli,Lactobacillales,Lactobacillaceae,Apilactobacillus,Apilactobacillus ozensis
Bacteria,Proteobacteria,Gammaproteobacteria,Enterobacterales,Morganellaceae,Providencia,NA
Bacteria,Proteobacteria,Gammaproteobacteria,Pseudomonadales,Moraxellaceae,Acinetobacter,NA
Bacteria,Proteobacteria,Gammaproteobacteria,Enterobacterales,Enterobacteriaceae,NA,NA
Bacteria,Firmicutes,Bacilli,Lactobacillales,Streptococcaceae,Lactococcus,Lactococcus lactis
Bacteria,Proteobacteria,Gammaproteobacteria,Enterobacterales,Yersiniaceae,Serratia,Serratia marcescens
Bacteria,Proteobacteria,Gammaproteobacteria,Enterobacterales,NA,NA,NA
Bacteria,Proteobacteria,Gammaproteobacteria,Enterobacterales,Erwiniaceae,Pantoea,Pantoea dispersa
Bacteria,Proteobacteria,Alphaproteobacteria,Rhodospirillales,Acetobacteraceae,Saccharibacter,floricola
Bacteria,Bacteroidetes,Flavobacteriia,Flavobacteriales,Weeksellaceae,Empedobacter,Empedobacter brevis
Bacteria,Proteobacteria,Alphaproteobacteria,Rhodospirillales,Acetobacteraceae,Saccharibacter,NA
Bacteria,Proteobacteria,Gammaproteobacteria,Enterobacterales,Yersiniaceae,NA,NA
Bacteria,Proteobacteria,Gammaproteobacteria,Enterobacterales,Hafniaceae,Hafnia,alvei
Bacteria,Firmicutes,Bacilli,Lactobacillales,Enterococcaceae,Enterococcus,Enterococcus thailandicus
Bacteria,Proteobacteria,Gammaproteobacteria,Pseudomonadales,Moraxellaceae,Acinetobacter,NA
Bacteria,Proteobacteria,Gammaproteobacteria,Enterobacterales,NA,NA,NA
Bacteria,Proteobacteria,Gammaproteobacteria,Enterobacterales,NA,NA,NA
Bacteria,Proteobacteria,Gammaproteobacteria,Enterobacterales,NA,NA,NA
Bacteria,Proteobacteria,Gammaproteobacteria,Enterobacterales,Enterobacteriaceae,NA,NA
Bacteria,Proteobacteria,Alphaproteobacteria,Rhodospirillales,Acetobacteraceae,Asaia,NA
Bacteria,Proteobacteria,Alphaproteobacteria,Rhodospirillales,Acetobacteraceae,Commensalibacter,NA
Bacteria,Proteobacteria,Gammaproteobacteria,Enterobacterales,NA,NA,NA
Bacteria,Proteobacteria,Gammaproteobacteria,Enterobacterales,Yersiniaceae,Serratia,Serratia symbiotica
Bacteria,Proteobacteria,Gammaproteobacteria,Enterobacterales,Erwiniaceae,Pantoea,Pantoea agglomerans
Bacteria,Proteobacteria,Alphaproteobacteria,Rhodospirillales,Acetobacteraceae,Gluconobacter,Gluconobacter cerinus
Bacteria,Proteobacteria,Alphaproteobacteria,Rhodospirillales,Acetobacteraceae,Gluconobacter,NA
Bacteria,Proteobacteria,Gammaproteobacteria,Oceanospirillales,Halomonadaceae,Zymobacter,NA
Bacteria,Proteobacteria,Gammaproteobacteria,Pseudomonadales,Pseudomonadaceae,Pseudomonas,Pseudomonas viridiflava
Bacteria,Proteobacteria,Gammaproteobacteria,Xanthomonadales,Xanthomonadaceae,Stenotrophomonas,Stenotrophomonas maltophilia
Bacteria,Proteobacteria,Alphaproteobacteria,Rhodospirillales,Acetobacteraceae,Neoasaia,chiangmaiensis
Bacteria,Proteobacteria,Alphaproteobacteria,Rhodospirillales,Acetobacteraceae,Saccharibacter,NA
Bacteria,Proteobacteria,Alphaproteobacteria,Rickettsiales,Rickettsiaceae,Rickettsia,Rickettsia endosymbiont of Tunga penetrans
Bacteria,Bacteroidetes,Flavobacteriia,Flavobacteriales,Weeksellaceae,Empedobacter,Empedobacter brevis
Bacteria,Proteobacteria,Gammaproteobacteria,Oceanospirillales,Halomonadaceae,Zymobacter,palmae
Bacteria,Proteobacteria,Alphaproteobacteria,Rhodospirillales,Acetobacteraceae,Commensalibacter,NA
Bacteria,Firmicutes,Bacilli,Lactobacillales,Lactobacillaceae,Leuconostoc,Leuconostoc mesenteroides
Bacteria,Proteobacteria,Gammaproteobacteria,Enterobacterales,Yersiniaceae,Serratia,symbiotica
Bacteria,Firmicutes,Bacilli,Lactobacillales,Lactobacillaceae,Fructobacillus,Fructobacillus broussonetiae
Bacteria,Firmicutes,Bacilli,Lactobacillales,Lactobacillaceae,Apilactobacillus,Apilactobacillus ozensis
Bacteria,Actinobacteria,Actinobacteria,Micrococcales,Microbacteriaceae,Frigoribacterium,NA
Bacteria,Firmicutes,Bacilli,Lactobacillales,Lactobacillaceae,Apilactobacillus,Apilactobacillus ozensis
Bacteria,Proteobacteria,Alphaproteobacteria,Rhodospirillales,Acetobacteraceae,Acetobacter,NA
Bacteria,Proteobacteria,Gammaproteobacteria,Orbales,Orbaceae,Orbus,NA
Bacteria,Proteobacteria,Alphaproteobacteria,Rhodospirillales,Acetobacteraceae,Gluconacetobacter,Gluconacetobacter diazotrophicus
Bacteria,Proteobacteria,Alphaproteobacteria,Sphingomonadales,Sphingomonadaceae,Sphingomonas,NA
Bacteria,Proteobacteria,Gammaproteobacteria,Enterobacterales,Enterobacteriaceae,Klebsiella,NA
Bacteria,Proteobacteria,Gammaproteobacteria,Enterobacterales,Enterobacteriaceae,Raoultella,Raoultella planticola
Bacteria,Proteobacteria,Gammaproteobacteria,Enterobacterales,Yersiniaceae,Gibbsiella,Gibbsiella quercinecans
Bacteria,Proteobacteria,Gammaproteobacteria,Pseudomonadales,Pseudomonadaceae,Pseudomonas,NA
Bacteria,Firmicutes,Bacilli,Lactobacillales,Lactobacillaceae,Leuconostoc,Leuconostoc lactis
Bacteria,Firmicutes,Bacilli,Lactobacillales,Enterococcaceae,Vagococcus,Vagococcus hydrophili
Bacteria,Firmicutes,Bacilli,Lactobacillales,Lactobacillaceae,Fructobacillus,fructosus
Bacteria,Proteobacteria,Alphaproteobacteria,Rhodospirillales,Acetobacteraceae,Acetobacter,Acetobacter pasteurianus
Bacteria,Proteobacteria,Gammaproteobacteria,NA,NA,NA,NA
Bacteria,Proteobacteria,Alphaproteobacteria,Rhodospirillales,Acetobacteraceae,Gluconobacter,NA
Bacteria,Proteobacteria,Alphaproteobacteria,Rhodospirillales,Acetobacteraceae,Saccharibacter,NA
Bacteria,Actinobacteria,Actinobacteria,Micrococcales,Microbacteriaceae,Curtobacterium,NA
Bacteria,Proteobacteria,Gammaproteobacteria,Enterobacterales,Enterobacteriaceae,Klebsiella,NA
Bacteria,Bacteroidetes,Flavobacteriia,Flavobacteriales,Flavobacteriaceae,Flavobacterium,NA
Bacteria,Proteobacteria,Gammaproteobacteria,Xanthomonadales,Rhodanobacteraceae,Luteibacter,rhizovicinus
Bacteria,Oomycota,NA,Peronosporales,Peronosporaceae,Phytophthora,Phytophthora clandestina
Bacteria,NA,NA,NA,NA,NA,NA
Bacteria,Proteobacteria,Alphaproteobacteria,Rhodospirillales,Acetobacteraceae,Saccharibacter,NA
Bacteria,Proteobacteria,Alphaproteobacteria,Rhodospirillales,Acetobacteraceae,NA,NA
Bacteria,Firmicutes,Clostridia,Clostridiales,Lachnospiraceae,Blautia,NA
Bacteria,Proteobacteria,Gammaproteobacteria,Enterobacterales,Erwiniaceae,Tatumella,Tatumella ptyseos
Bacteria,Proteobacteria,Gammaproteobacteria,Pseudomonadales,Pseudomonadaceae,Pseudomonas,NA
Bacteria,Proteobacteria,Alphaproteobacteria,Sphingomonadales,Sphingomonadaceae,Sphingomonas,NA
Bacteria,Proteobacteria,Gammaproteobacteria,Pseudomonadales,Pseudomonadaceae,Pseudomonas,NA
Bacteria,Bacteroidetes,Bacteroidia,Bacteroidales,Prevotellaceae,Prevotella,copri
Bacteria,Proteobacteria,Gammaproteobacteria,Enterobacterales,Enterobacteriaceae,Klebsiella,NA
Bacteria,Proteobacteria,Alphaproteobacteria,Sphingomonadales,Sphingomonadaceae,Sphingomonas,NA
Bacteria,Arthropoda,Insecta,Diptera,Syrphidae,Eupeodes,Eupeodes luniger
Bacteria,Proteobacteria,Gammaproteobacteria,Chromatiales,Chromatiaceae,Rheinheimera,Rheinheimera mesophila
Bacteria,Firmicutes,Bacilli,Lactobacillales,Lactobacillaceae,Leuconostoc,NA
Bacteria,Proteobacteria,Gammaproteobacteria,NA,NA,NA,NA
Bacteria,Firmicutes,Bacilli,Lactobacillales,Lactobacillaceae,Apilactobacillus,Apilactobacillus timberlakei
Bacteria,Proteobacteria,Alphaproteobacteria,Rhizobiales,Methylobacteriaceae,Methylorubrum,Methylorubrum extorquens
Bacteria,Firmicutes,Bacilli,Lactobacillales,Lactobacillaceae,Apilactobacillus,Apilactobacillus ozensis
Bacteria,Proteobacteria,Alphaproteobacteria,Rhizobiales,Methylobacteriaceae,Methylobacterium,aerolatum
Bacteria,Proteobacteria,Gammaproteobacteria,Enterobacterales,Morganellaceae,Arsenophonus,endosymbiont
Bacteria,Proteobacteria,Gammaproteobacteria,Pseudomonadales,Pseudomonadaceae,Pseudomonas,NA
Bacteria,Proteobacteria,Alphaproteobacteria,Sphingomonadales,Sphingomonadaceae,Sphingomonas,NA
Bacteria,Proteobacteria,Gammaproteobacteria,Pseudomonadales,Moraxellaceae,Acinetobacter,Acinetobacter junii
Bacteria,Proteobacteria,Alphaproteobacteria,Rhizobiales,Aurantimonadaceae,Aureimonas,phyllosphaerae
Bacteria,Actinobacteria,Actinobacteria,Micrococcales,Microbacteriaceae,Curtobacterium,NA
Bacteria,Proteobacteria,Gammaproteobacteria,Legionellales,Coxiellaceae,Diplorickettsia,NA
Bacteria,Proteobacteria,Gammaproteobacteria,Orbales,Orbaceae,NA,NA
Bacteria,Proteobacteria,Gammaproteobacteria,Pseudomonadales,Moraxellaceae,Acinetobacter,Acinetobacter rathckeae
Bacteria,Proteobacteria,Gammaproteobacteria,Enterobacterales,Pectobacteriaceae,Lonsdalea,quercina
Bacteria,Proteobacteria,Gammaproteobacteria,Oceanospirillales,Halomonadaceae,Zymobacter,NA
Bacteria,Firmicutes,Bacilli,Lactobacillales,Lactobacillaceae,Holzapfelia,NA
Bacteria,Actinobacteria,Actinobacteria,Micrococcales,Microbacteriaceae,Frigoribacterium,NA
Bacteria,Proteobacteria,Gammaproteobacteria,Legionellales,Coxiellaceae,Diplorickettsia,NA
Bacteria,Proteobacteria,Gammaproteobacteria,Pseudomonadales,Pseudomonadaceae,Pseudomonas,Pseudomonas koreensis
Bacteria,Proteobacteria,Alphaproteobacteria,Rhizobiales,Aurantimonadaceae,NA,NA
Bacteria,Zoopagomycota,Entomophthoromycetes,Entomophthorales,Entomophthoraceae,Batkoa,Batkoa apiculata
Bacteria,Proteobacteria,Gammaproteobacteria,Enterobacterales,Enterobacteriaceae,NA,NA
Bacteria,Proteobacteria,Gammaproteobacteria,Enterobacterales,Enterobacteriaceae,Enterobacter,Enterobacter hormaechei
Bacteria,Proteobacteria,Alphaproteobacteria,Rhodospirillales,Acetobacteraceae,Asaia,krungthepensis
Bacteria,Bacteroidetes,Flavobacteriia,Flavobacteriales,Weeksellaceae,Apibacter,Apibacter muscae
Bacteria,Proteobacteria,Gammaproteobacteria,Pseudomonadales,Pseudomonadaceae,Pseudomonas,NA
Bacteria,Proteobacteria,Alphaproteobacteria,Rhizobiales,NA,NA,NA
Bacteria,Proteobacteria,Gammaproteobacteria,Oceanospirillales,Halomonadaceae,Zymobacter,NA
Bacteria,Proteobacteria,Alphaproteobacteria,Rhodospirillales,Acetobacteraceae,Commensalibacter,NA
Bacteria,Proteobacteria,Alphaproteobacteria,Sphingomonadales,Sphingomonadaceae,Sphingomonas,NA
Bacteria,Chloroflexi,Chloroflexia,Herpetosiphonales,Herpetosiphonaceae,Herpetosiphon,NA
Bacteria,Proteobacteria,Alphaproteobacteria,Rhizobiales,Methylobacteriaceae,Methylobacterium,NA
Bacteria,Proteobacteria,Betaproteobacteria,Burkholderiales,Comamonadaceae,Pelomonas,NA
Bacteria,Proteobacteria,Alphaproteobacteria,Rhizobiales,Methylobacteriaceae,Methylobacterium,phyllosphaerae
Bacteria,Proteobacteria,Gammaproteobacteria,Enterobacterales,NA,NA,NA
Bacteria,Firmicutes,Bacilli,Lactobacillales,Streptococcaceae,Lactococcus,Lactococcus garvieae
Bacteria,Firmicutes,Bacilli,Lactobacillales,Lactobacillaceae,Fructobacillus,fructosus
Bacteria,Proteobacteria,Gammaproteobacteria,Enterobacterales,Morganellaceae,Morganella,morganii
Bacteria,Proteobacteria,Gammaproteobacteria,NA,NA,NA,NA
Bacteria,Proteobacteria,Gammaproteobacteria,Enterobacterales,Enterobacteriaceae,Salmonella,NA
Bacteria,Proteobacteria,Alphaproteobacteria,Sphingomonadales,Sphingomonadaceae,Sphingomonas,yunnanensis
Bacteria,Proteobacteria,Alphaproteobacteria,Rhodospirillales,Acetobacteraceae,Gluconobacter,NA
Bacteria,Firmicutes,Bacilli,Lactobacillales,Lactobacillaceae,Apilactobacillus,Apilactobacillus ozensis
Bacteria,Proteobacteria,Alphaproteobacteria,Rhodospirillales,Acetobacteraceae,Gluconobacter,Gluconobacter oxydans
Bacteria,Firmicutes,Clostridia,Clostridiales,Lachnospiraceae,Blautia,NA
Bacteria,Proteobacteria,Gammaproteobacteria,Pseudomonadales,Moraxellaceae,Acinetobacter,NA
Bacteria,Proteobacteria,Gammaproteobacteria,Enterobacterales,Pectobacteriaceae,Pectobacterium,NA
Bacteria,Proteobacteria,Alphaproteobacteria,Sphingomonadales,Erythrobacteraceae,Novosphingobium,NA
Bacteria,Proteobacteria,Gammaproteobacteria,Enterobacterales,Erwiniaceae,Pantoea,Pantoea cypripedii
Bacteria,Oomycota,NA,Peronosporales,Peronosporaceae,Peronospora,Peronospora effusa
Bacteria,Proteobacteria,Gammaproteobacteria,Pseudomonadales,Pseudomonadaceae,Pseudomonas,Pseudomonas benzopyrenica
Bacteria,Proteobacteria,Alphaproteobacteria,Rhodospirillales,Acetobacteraceae,Neokomagataea,tanensis
Bacteria,Proteobacteria,Alphaproteobacteria,Sphingomonadales,Sphingomonadaceae,Sphingomonas,Sphingomonas rubra
Bacteria,Proteobacteria,Alphaproteobacteria,Sphingomonadales,Sphingomonadaceae,Sphingomonas,NA
Bacteria,Firmicutes,Bacilli,Bacillales,Bacillaceae_1,Alkalihalobacillus,NA
Bacteria,Zoopagomycota,Entomophthoromycetes,Entomophthorales,Entomophthoraceae,Batkoa,Batkoa apiculata
Bacteria,NA,NA,NA,NA,NA,NA
Bacteria,NA,NA,NA,NA,NA,NA
Bacteria,Proteobacteria,Betaproteobacteria,Burkholderiales,Comamonadaceae,NA,NA
Bacteria,Proteobacteria,Gammaproteobacteria,Enterobacterales,Morganellaceae,Arsenophonus,NA
Bacteria,Bacteroidetes,Sphingobacteriia,Sphingobacteriales,Sphingobacteriaceae,Mucilaginibacter,NA
Bacteria,Actinobacteria,Actinobacteria,Micrococcales,Micrococcaceae,Pseudarthrobacter,NA
Bacteria,Proteobacteria,Alphaproteobacteria,Sphingomonadales,Sphingomonadaceae,Sphingomonas,NA
Bacteria,Proteobacteria,Alphaproteobacteria,Sphingomonadales,Sphingomonadaceae,Sphingomonas,sanxanigenens
Bacteria,Proteobacteria,Gammaproteobacteria,Pseudomonadales,Pseudomonadaceae,Pseudomonas,NA
Bacteria,Proteobacteria,Gammaproteobacteria,Enterobacterales,Erwiniaceae,Pantoea,Pantoea endophytica
Bacteria,Proteobacteria,Alphaproteobacteria,Rhizobiales,NA,NA,NA
Bacteria,Proteobacteria,Betaproteobacteria,Burkholderiales,Burkholderiaceae,Burkholderia,pseudomultivorans
Bacteria,Ascomycota,Dothideomycetes,Pleosporales,Astrosphaeriellaceae,Pithomyces,Pithomyces chartarum
Bacteria,Proteobacteria,Gammaproteobacteria,Orbales,Orbaceae,Orbus,hercynius
Bacteria,Proteobacteria,Gammaproteobacteria,NA,NA,NA,NA
Bacteria,Proteobacteria,Alphaproteobacteria,Sphingomonadales,Sphingomonadaceae,NA,NA
Bacteria,Abditibacteriota,Abditibacteria,Abditibacteriales,Abditibacteriaceae,Abditibacterium,NA
Bacteria,Proteobacteria,Betaproteobacteria,Burkholderiales,Oxalobacteraceae,Massilia,NA
Bacteria,Proteobacteria,Gammaproteobacteria,Xanthomonadales,Xanthomonadaceae,Xanthomonas,Xanthomonas translucens
Bacteria,Bacteroidetes,Sphingobacteriia,Sphingobacteriales,Sphingobacteriaceae,Pedobacter,NA
Bacteria,Bacteroidetes,Cytophagia,Cytophagales,Cytophagaceae,Spirosoma,NA
Bacteria,Proteobacteria,Gammaproteobacteria,Gammaproteobacteria_incertae_sedis,Ignatzschineria,NA,NA
Bacteria,Proteobacteria,Alphaproteobacteria,Sphingomonadales,Sphingomonadaceae,Sphingomonas,Sphingomonas paucimobilis
Bacteria,Proteobacteria,Gammaproteobacteria,Chromatiales,Chromatiaceae,Rheinheimera,chironomi
Bacteria,Proteobacteria,Alphaproteobacteria,Rhizobiales,Aurantimonadaceae,Aureimonas,NA
Bacteria,Proteobacteria,Alphaproteobacteria,Sphingomonadales,Sphingomonadaceae,Sphingomonas,NA
Bacteria,Cyanobacteria/Chloroplast,NA,NA,NA,NA,NA
Bacteria,Proteobacteria,Alphaproteobacteria,Rhizobiales,Devosiaceae,Devosia,Devosia riboflavina
Bacteria,Proteobacteria,Gammaproteobacteria,Enterobacterales,Enterobacteriaceae,Cronobacter,Cronobacter sakazakii
Bacteria,Proteobacteria,Betaproteobacteria,Burkholderiales,Comamonadaceae,Acidovorax,NA
Bacteria,Firmicutes,Bacilli,Lactobacillales,Lactobacillaceae,Holzapfeliella,Holzapfeliella floricola
Bacteria,Bacteroidetes,Chitinophagia,Chitinophagales,Chitinophagaceae,NA,NA
Bacteria,Bacteroidetes,Chitinophagia,Chitinophagales,Chitinophagaceae,NA,NA
Bacteria,Proteobacteria,Alphaproteobacteria,Rhizobiales,Rhizobiaceae,NA,NA
Bacteria,Proteobacteria,Alphaproteobacteria,Rhizobiales,Methylobacteriaceae,Microvirga,NA
Bacteria,Ascomycota,Dothideomycetes,Cladosporiales,Cladosporiaceae,Cladosporium,Cladosporium cladosporioides
Bacteria,Bacteroidetes,Sphingobacteriia,Sphingobacteriales,Sphingobacteriaceae,Mucilaginibacter,NA
Bacteria,Actinobacteria,Actinobacteria,Mycobacteriales,Corynebacteriaceae,Corynebacterium,Corynebacterium glyciniphilum
Bacteria,Bacteroidetes,Sphingobacteriia,Sphingobacteriales,Sphingobacteriaceae,Mucilaginibacter,myungsuensis
Bacteria,Proteobacteria,Betaproteobacteria,Burkholderiales,Comamonadaceae,NA,NA
Bacteria,Proteobacteria,Betaproteobacteria,Nitrosomonadales,Methylophilaceae,Methylophilus,NA
Bacteria,Firmicutes,Clostridia,Clostridiales,Lachnospiraceae,Agathobacter,Agathobacter rectalis
Bacteria,Cyanobacteria/Chloroplast,NA,NA,NA,NA,NA
Bacteria,Proteobacteria,Alphaproteobacteria,Rhizobiales,Methylobacteriaceae,Methylobacterium,NA
Bacteria,Proteobacteria,Gammaproteobacteria,Pseudomonadales,Pseudomonadaceae,Pseudomonas,NA
Bacteria,Bacteroidetes,Cytophagia,Cytophagales,Cytophagaceae,Spirosoma,NA
Bacteria,Firmicutes,Clostridia,Clostridiales,Peptoniphilaceae,Anaerococcus,NA
Bacteria,Proteobacteria,Alphaproteobacteria,Caulobacterales,Caulobacteraceae,Brevundimonas,NA
Bacteria,Proteobacteria,Gammaproteobacteria,Enterobacterales,Enterobacteriaceae,Enterobacter,Enterobacter cloacae
Bacteria,Proteobacteria,Betaproteobacteria,Neisseriales,Neisseriaceae,Snodgrassella,NA
Bacteria,Firmicutes,Clostridia,Clostridiales,Clostridiaceae_1,Clostridium_sensu_stricto,NA
Bacteria,Proteobacteria,Alphaproteobacteria,Rhizobiales,Methylobacteriaceae,Methylobacterium,adhaesivum
Bacteria,Proteobacteria,Betaproteobacteria,Burkholderiales,Comamonadaceae,Rhizobacter,fulvus
Bacteria,Proteobacteria,Gammaproteobacteria,Pseudomonadales,Moraxellaceae,NA,NA
Bacteria,Proteobacteria,Alphaproteobacteria,Rhizobiales,NA,NA,NA
Bacteria,Cyanobacteria/Chloroplast,Cyanobacteria,NA,NA,NA,NA
Bacteria,Proteobacteria,Alphaproteobacteria,Rhodospirillales,Acetobacteraceae,Roseomonas,NA
Bacteria,Proteobacteria,Deltaproteobacteria,Myxococcales,NA,NA,NA
Bacteria,Proteobacteria,Alphaproteobacteria,Rhizobiales,Rhizobiaceae,Agrobacterium,Agrobacterium larrymoorei
Bacteria,Ascomycota,Dothideomycetes,Cladosporiales,Cladosporiaceae,Cladosporium,Cladosporium cladosporioides
Bacteria,Proteobacteria,Alphaproteobacteria,Sphingomonadales,Sphingomonadaceae,Sphingomonas,NA
Bacteria,Pseudomonadota,Alphaproteobacteria,Rickettsiales,Anaplasmataceae,Wolbachia,Wolbachia endosymbiont of Nysius expressus
Bacteria,Proteobacteria,Alphaproteobacteria,Sphingomonadales,Erythrobacteraceae,Novosphingobium,aromaticivorans
Bacteria,Proteobacteria,Betaproteobacteria,Burkholderiales,Burkholderiaceae,Burkholderia,NA
Bacteria,Proteobacteria,Alphaproteobacteria,Sphingomonadales,Sphingomonadaceae,Sphingomonas,trueperi
Bacteria,Proteobacteria,Gammaproteobacteria,Enterobacterales,Enterobacteriaceae,Cronobacter,Cronobacter sakazakii
Bacteria,Pseudomonadota,Alphaproteobacteria,Rickettsiales,Anaplasmataceae,Wolbachia,Wolbachia endosymbiont of Aedes albopictus
Bacteria,Proteobacteria,Alphaproteobacteria,Rhizobiales,Rhizobiaceae,Rhizobium,NA
Bacteria,Proteobacteria,Betaproteobacteria,Burkholderiales,NA,NA,NA
Bacteria,Bacteroidetes,Cytophagia,Cytophagales,Cytophagaceae,Dyadobacter,NA
Bacteria,Proteobacteria,Gammaproteobacteria,Pseudomonadales,Pseudomonadaceae,Pseudomonas,NA
Bacteria,Proteobacteria,Alphaproteobacteria,Sphingomonadales,Sphingomonadaceae,Sphingomonas,NA
Bacteria,Proteobacteria,Betaproteobacteria,Burkholderiales,Oxalobacteraceae,Duganella,Duganella vulcania
Bacteria,Planctomycetes,Planctomycetacia,NA,NA,NA,NA
Bacteria,Proteobacteria,Betaproteobacteria,Nitrosomonadales,Gallionellaceae,Sideroxydans,NA
Bacteria,Proteobacteria,Alphaproteobacteria,Rhizobiales,NA,NA,NA
Bacteria,Proteobacteria,Alphaproteobacteria,Sphingomonadales,Sphingomonadaceae,Sphingomonas,NA
Bacteria,Actinobacteria,Actinobacteria,Micrococcales,Microbacteriaceae,Frondihabitans,NA
Bacteria,Proteobacteria,Gammaproteobacteria,Pseudomonadales,Pseudomonadaceae,Pseudomonas,Pseudomonas laurentiana
Bacteria,NA,NA,NA,NA,NA,NA
Bacteria,Proteobacteria,Betaproteobacteria,NA,NA,NA,NA
Bacteria,Proteobacteria,Gammaproteobacteria,Pseudomonadales,Pseudomonadaceae,Pseudomonas,Pseudomonas brenneri
Bacteria,Firmicutes,Bacilli,Lactobacillales,Lactobacillaceae,Leuconostoc,Leuconostoc mesenteroides
Bacteria,Bacteroidetes,Sphingobacteriia,Sphingobacteriales,Sphingobacteriaceae,Pedobacter,Pedobacter ghigonis
Bacteria,Firmicutes,Bacilli,Lactobacillales,Lactobacillaceae,Apilactobacillus,Apilactobacillus timberlakei
Bacteria,Bacteroidetes,NA,NA,NA,NA,NA
Bacteria,Ascomycota,Dothideomycetes,Cladosporiales,Cladosporiaceae,Cladosporium,Cladosporium cladosporioides
Bacteria,Ascomycota,Dothideomycetes,Cladosporiales,Cladosporiaceae,Cladosporium,Cladosporium cladosporioides
Bacteria,Ascomycota,Dothideomycetes,Cladosporiales,Cladosporiaceae,Cladosporium,Cladosporium cladosporioides
Bacteria,Proteobacteria,Alphaproteobacteria,Rhodospirillales,Rhodospirillaceae,NA,NA
Bacteria,Deinococcus-Thermus,Deinococci,Deinococcales,Deinococcaceae,Deinococcus,citri
Bacteria,Proteobacteria,Alphaproteobacteria,Rhizobiales,Aurantimonadaceae,Aureimonas,NA
Bacteria,Proteobacteria,Alphaproteobacteria,Rhodospirillales,Acetobacteraceae,Tanticharoenia,NA
Bacteria,Bacteroidetes,Flavobacteriia,Flavobacteriales,Flavobacteriaceae,Flavobacterium,NA
Bacteria,NA,NA,NA,NA,NA,NA
Bacteria,Proteobacteria,Alphaproteobacteria,Sphingomonadales,Sphingomonadaceae,Sphingomonas,NA
Bacteria,Proteobacteria,Betaproteobacteria,Burkholderiales,Comamonadaceae,Curvibacter,Curvibacter delicatus
Bacteria,Acidobacteria,NA,NA,NA,NA,NA
Bacteria,Proteobacteria,Betaproteobacteria,Burkholderiales,Comamonadaceae,Aquabacterium,NA
Bacteria,Proteobacteria,Gammaproteobacteria,Orbales,Orbaceae,Orbus,NA
Bacteria,Actinobacteria,Actinobacteria,Micrococcales,Microbacteriaceae,Herbiconiux,NA
Bacteria,Actinobacteria,Actinobacteria,Pseudonocardiales,Pseudonocardiaceae,NA,NA
Bacteria,NA,NA,NA,NA,NA,NA
Bacteria,Bacteroidetes,NA,NA,NA,NA,NA
Bacteria,Actinobacteria,Actinobacteria,Geodermatophilales,Geodermatophilaceae,Klenkia,NA
Bacteria,Proteobacteria,Betaproteobacteria,Burkholderiales,Burkholderiaceae,NA,NA
Bacteria,Proteobacteria,Gammaproteobacteria,Pseudomonadales,Moraxellaceae,Acinetobacter,radioresistens
Bacteria,Ascomycota,Dothideomycetes,Cladosporiales,Cladosporiaceae,Cladosporium,Cladosporium cladosporioides
Bacteria,Planctomycetes,Planctomycetacia,Planctomycetales,Gemmataceae,Fimbriiglobus,NA
Bacteria,Ascomycota,Eurotiomycetes,Eurotiales,Thermoascaceae,Paecilomyces,Paecilomyces variotii
Bacteria,Proteobacteria,Gammaproteobacteria,Legionellales,Legionellaceae,Legionella,NA
Bacteria,Proteobacteria,Betaproteobacteria,Burkholderiales,Burkholderiaceae,Polynucleobacter,Polynucleobacter tropicus
Bacteria,Proteobacteria,Gammaproteobacteria,Xanthomonadales,Xanthomonadaceae,Luteimonas,Luteimonas terrae
Bacteria,Proteobacteria,Alphaproteobacteria,Rhizobiales,Methylobacteriaceae,Methylobacterium,komagatae
Bacteria,Deinococcus-Thermus,Deinococci,Trueperales,Trueperaceae,Truepera,NA
Bacteria,Oomycota,NA,Peronosporales,Peronosporaceae,Phytophthora,Phytophthora lateralis
Bacteria,Chloroflexi,Chloroflexia,Kallotenuales,Kallotenuaceae,Kallotenue,NA
Bacteria,Ascomycota,Dothideomycetes,Cladosporiales,Cladosporiaceae,Cladosporium,Cladosporium cladosporioides
Bacteria,Proteobacteria,Alphaproteobacteria,Caulobacterales,Caulobacteraceae,Aquidulcibacter,NA
Bacteria,Ascomycota,Dothideomycetes,Cladosporiales,Cladosporiaceae,Cladosporium,Cladosporium cladosporioides
Bacteria,Ascomycota,Dothideomycetes,Cladosporiales,Cladosporiaceae,Cladosporium,Cladosporium cladosporioides
Bacteria,Proteobacteria,Gammaproteobacteria,Enterobacterales,Erwiniaceae,Erwinia,NA
Bacteria,Bacteroidetes,Sphingobacteriia,Sphingobacteriales,Sphingobacteriaceae,Sphingobacterium,NA
Bacteria,Proteobacteria,Gammaproteobacteria,Pseudomonadales,Pseudomonadaceae,Pseudomonas,Pseudomonas extremaustralis
Bacteria,Bacteroidetes,Cytophagia,Cytophagales,Hymenobacteraceae,Hymenobacter,Hymenobacter setariae
Bacteria,Bacteroidetes,Flavobacteriia,Flavobacteriales,Flavobacteriaceae,Flavobacterium,NA
Bacteria,Streptophyta,Magnoliopsida,Ericales,Primulaceae,Primula,Primula calyptrata
Bacteria,Proteobacteria,Alphaproteobacteria,Sphingomonadales,Sphingomonadaceae,Sphingomonas,NA
Bacteria,Firmicutes,Clostridia,Clostridiales,Lachnospiraceae,Mediterraneibacter,NA
Bacteria,Firmicutes,Clostridia,Clostridiales,NA,NA,NA
Bacteria,Gemmatimonadetes,Gemmatimonadetes,Gemmatimonadales,Gemmatimonadaceae,Gemmatimonas,NA
Bacteria,Ascomycota,Dothideomycetes,Cladosporiales,Cladosporiaceae,Cladosporium,Cladosporium cladosporioides
Bacteria,Proteobacteria,Gammaproteobacteria,Oceanospirillales,Halomonadaceae,Zymobacter,NA
Bacteria,Proteobacteria,Alphaproteobacteria,Rhizobiales,Aurantimonadaceae,Aureimonas,NA
Bacteria,Proteobacteria,Alphaproteobacteria,Rhizobiales,Devosiaceae,Devosia,NA
Bacteria,Proteobacteria,Alphaproteobacteria,Rhizobiales,Rhizobiaceae,Agrobacterium,Agrobacterium pusense
Bacteria,Proteobacteria,Gammaproteobacteria,Legionellales,Legionellaceae,Legionella,NA
Bacteria,Actinobacteria,Actinobacteria,Mycobacteriales,Mycobacteriaceae,Mycobacterium,NA
Bacteria,Proteobacteria,Gammaproteobacteria,Pseudomonadales,Pseudomonadaceae,Pseudomonas,Pseudomonas glareae
Bacteria,Proteobacteria,Gammaproteobacteria,Pseudomonadales,Moraxellaceae,Acinetobacter,NA
Bacteria,Proteobacteria,Alphaproteobacteria,Sphingomonadales,Sphingomonadaceae,Sphingomonas,NA
Bacteria,Proteobacteria,Betaproteobacteria,Burkholderiales,Comamonadaceae,Variovorax,NA
Bacteria,Arthropoda,Insecta,Diptera,Syrphidae,Eupeodes,Eupeodes luniger
Bacteria,Arthropoda,Insecta,Diptera,Syrphidae,Eupeodes,Eupeodes latifasciatus
Bacteria,Proteobacteria,Deltaproteobacteria,Desulfovibrionales,Desulfovibrionaceae,Desulfovibrio,NA
Bacteria,Campilobacterota,Campylobacteria,Campylobacterales,Thiovulaceae,Sulfuricurvum,kujiense
Bacteria,Bacteroidetes,Flavobacteriia,Flavobacteriales,Flavobacteriaceae,Flavobacterium,NA
Bacteria,Proteobacteria,Alphaproteobacteria,Sphingomonadales,Sphingomonadaceae,Sphingomonas,NA
Bacteria,NA,NA,NA,NA,NA,NA
Bacteria,Actinobacteria,Actinobacteria,Micrococcales,Microbacteriaceae,Curtobacterium,NA
Bacteria,Firmicutes,Bacilli,Lactobacillales,Lactobacillaceae,Apilactobacillus,Apilactobacillus ozensis
Bacteria,Proteobacteria,Gammaproteobacteria,Orbales,Orbaceae,Orbus,sasakiae
Bacteria,Streptophyta,Magnoliopsida,Saxifragales,Saxifragaceae,Chrysosplenium,Chrysosplenium flagelliferum
Bacteria,Actinobacteria,Actinobacteria,Micrococcales,Micrococcaceae,Glutamicibacter,NA
Bacteria,Proteobacteria,Betaproteobacteria,Burkholderiales,Comamonadaceae,Limnohabitans,NA
Bacteria,Ascomycota,Dothideomycetes,Cladosporiales,Cladosporiaceae,Cladosporium,Cladosporium cladosporioides
Bacteria,NA,NA,NA,NA,NA,NA
Bacteria,Arthropoda,Insecta,Diptera,Syrphidae,Eupeodes,Eupeodes corollae
Bacteria,Proteobacteria,Alphaproteobacteria,Rhodospirillales,NA,NA,NA
Bacteria,Bacteroidetes,Bacteroidia,Bacteroidales,Bacteroidaceae,Bacteroides,Bacteroides fragilis
Bacteria,Proteobacteria,Alphaproteobacteria,Rhizobiales,NA,NA,NA
Bacteria,Bacteroidetes,Flavobacteriia,Flavobacteriales,Weeksellaceae,Chryseobacterium,NA
Bacteria,Proteobacteria,Gammaproteobacteria,Pseudomonadales,Pseudomonadaceae,Pseudomonas,Pseudomonas fulva
Bacteria,Actinobacteria,Actinobacteria,Mycobacteriales,Corynebacteriaceae,Corynebacterium,Corynebacterium rouxii
Bacteria,Proteobacteria,Alphaproteobacteria,Rhodospirillales,Acetobacteraceae,Roseomonas,NA
Bacteria,Proteobacteria,Betaproteobacteria,Burkholderiales,Oxalobacteraceae,Massilia,NA
Bacteria,NA,NA,NA,NA,NA,NA
Bacteria,NA,NA,NA,NA,NA,NA
Bacteria,Pseudomonadota,Alphaproteobacteria,Rickettsiales,Anaplasmataceae,Wolbachia,Wolbachia endosymbiont of Aedes albopictus
Bacteria,Proteobacteria,Alphaproteobacteria,Rhizobiales,Aurantimonadaceae,NA,NA
Bacteria,Proteobacteria,Gammaproteobacteria,Pseudomonadales,Moraxellaceae,Acinetobacter,Acinetobacter johnsonii
Bacteria,Proteobacteria,Alphaproteobacteria,Sphingomonadales,NA,NA,NA
Bacteria,Proteobacteria,Alphaproteobacteria,Rhodospirillales,Acetobacteraceae,NA,NA
Bacteria,NA,NA,NA,NA,NA,NA
Bacteria,Proteobacteria,Gammaproteobacteria,NA,NA,NA,NA
Bacteria,Proteobacteria,Deltaproteobacteria,Myxococcales,Polyangiaceae,NA,NA
Bacteria,Proteobacteria,Gammaproteobacteria,Enterobacterales,Pectobacteriaceae,Pectobacterium,Pectobacterium carotovorum
Bacteria,NA,NA,NA,NA,NA,NA
Bacteria,Bacteroidetes,Flavobacteriia,Flavobacteriales,Weeksellaceae,Chryseobacterium,NA
Bacteria,Actinobacteria,Actinobacteria,Propionibacteriales,Nocardioidaceae,Marmoricola,NA
Bacteria,Actinobacteria,Actinobacteria,Mycobacteriales,Corynebacteriaceae,Corynebacterium,massiliense
Bacteria,Gemmatimonadetes,Gemmatimonadetes,Gemmatimonadales,Gemmatimonadaceae,Gemmatimonas,NA
Bacteria,Chlamydiae,Chlamydiia,Chlamydiales,Parachlamydiaceae,Neochlamydia,NA
Bacteria,Ascomycota,Dothideomycetes,Cladosporiales,Cladosporiaceae,Cladosporium,Cladosporium cladosporioides
Bacteria,Proteobacteria,Deltaproteobacteria,Myxococcales,Sandaracinaceae,Sandaracinus,NA
Bacteria,Bacteroidetes,Bacteroidia,Bacteroidales,Prevotellaceae,Prevotella,NA
Bacteria,Firmicutes,Bacilli,Lactobacillales,Lactobacillaceae,Holzapfelia,NA
Bacteria,Proteobacteria,Gammaproteobacteria,Pseudomonadales,Pseudomonadaceae,Pseudomonas,NA
Bacteria,Proteobacteria,Alphaproteobacteria,Rhizobiales,Methylobacteriaceae,Methylobacterium,NA
Bacteria,Evosea,Eumycetozoa,Trichiida,Trichiidae,Perichaena,Perichaena vermicularis
Bacteria,Cyanobacteria/Chloroplast,NA,NA,NA,NA,NA
Bacteria,Bacteroidetes,Flavobacteriia,Flavobacteriales,Flavobacteriaceae,Flavobacterium,NA
Bacteria,Cyanobacteria/Chloroplast,Cyanobacteria,NA,NA,NA,NA
Bacteria,Proteobacteria,Alphaproteobacteria,Rhizobiales,NA,NA,NA
Bacteria,Actinobacteria,Actinobacteria,Mycobacteriales,Corynebacteriaceae,Corynebacterium,Corynebacterium mucifaciens
Bacteria,Proteobacteria,Alphaproteobacteria,Rhizobiales,Methylobacteriaceae,Methylobacterium,aquaticum
Bacteria,Bacteroidetes,Flavobacteriia,Flavobacteriales,Weeksellaceae,Chryseobacterium,NA
Bacteria,Proteobacteria,Alphaproteobacteria,Sphingomonadales,Sphingomonadaceae,Sphingomonas,NA
Bacteria,Actinobacteria,Thermoleophilia,Solirubrobacterales,Patulibacteraceae,Patulibacter,minatonensis
Bacteria,Bacteroidetes,Flavobacteriia,Flavobacteriales,Flavobacteriaceae,Flavobacterium,NA
Bacteria,Proteobacteria,Alphaproteobacteria,Rhizobiales,NA,NA,NA
Bacteria,Proteobacteria,Betaproteobacteria,Burkholderiales,Comamonadaceae,Ramlibacter,NA
Bacteria,Proteobacteria,Gammaproteobacteria,Enterobacterales,Pectobacteriaceae,Sodalis,Sodalis endosymbiont of Porphyrophora polonica
Bacteria,Proteobacteria,Alphaproteobacteria,Rhizobiales,NA,NA,NA
Bacteria,Bacteroidetes,Cytophagia,Cytophagales,Cytophagaceae,Spirosoma,NA
Bacteria,Campilobacterota,Campylobacteria,Campylobacterales,Sulfurovaceae,Sulfurovum,NA
Bacteria,Proteobacteria,Alphaproteobacteria,Rhizobiales,NA,NA,NA
Bacteria,NA,NA,NA,NA,NA,NA
Bacteria,Firmicutes,Clostridia,Clostridiales,Ruminococcaceae,NA,NA
Bacteria,Proteobacteria,Alphaproteobacteria,Sphingomonadales,Sphingomonadaceae,Sphingomonas,yunnanensis
Bacteria,Streptophyta,Magnoliopsida,Asterales,Asteraceae,Helianthus,Helianthus annuus
Bacteria,Proteobacteria,Alphaproteobacteria,Rhizobiales,Methylobacteriaceae,Methylobacterium,NA
Bacteria,NA,NA,NA,NA,NA,NA
Bacteria,Proteobacteria,Betaproteobacteria,Burkholderiales,Oxalobacteraceae,Undibacterium,NA
Bacteria,Bacteroidetes,NA,NA,NA,NA,NA
Bacteria,Bacteroidetes,NA,NA,NA,NA,NA
Bacteria,Proteobacteria,Betaproteobacteria,Burkholderiales,Comamonadaceae,NA,NA
Bacteria,Firmicutes,Bacilli,Lactobacillales,Lactobacillaceae,Weissella,Weissella confusa
Bacteria,Firmicutes,Clostridia,Clostridiales,Lachnospiraceae,Faecalimonas,Faecalimonas umbilicata
Bacteria,Proteobacteria,Alphaproteobacteria,Sphingomonadales,Sphingomonadaceae,Sphingomonas,desiccabilis
Bacteria,Proteobacteria,Alphaproteobacteria,Rhizobiales,NA,NA,NA
Bacteria,Firmicutes,Clostridia,Clostridiales,Lachnospiraceae,Enterocloster,NA
Bacteria,Actinobacteria,Actinobacteria,Mycobacteriales,Mycobacteriaceae,Mycobacterium,NA
Bacteria,Proteobacteria,Alphaproteobacteria,Sphingomonadales,Sphingomonadaceae,Sphingomonas,NA
Bacteria,Proteobacteria,Deltaproteobacteria,Myxococcales,NA,NA,NA
Bacteria,Proteobacteria,Gammaproteobacteria,Orbales,Orbaceae,NA,NA
Bacteria,Cyanobacteria/Chloroplast,NA,NA,NA,NA,NA
Bacteria,Bacteroidetes,Flavobacteriia,Flavobacteriales,Weeksellaceae,Chishuiella,Chishuiella changwenlii
Bacteria,Bacteroidetes,Flavobacteriia,Flavobacteriales,Weeksellaceae,Chryseobacterium,Chryseobacterium gambrini
Bacteria,Proteobacteria,Betaproteobacteria,Burkholderiales,Comamonadaceae,NA,NA
Bacteria,Actinobacteria,Actinobacteria,Pseudonocardiales,Pseudonocardiaceae,Pseudonocardia,NA
Bacteria,Proteobacteria,Alphaproteobacteria,Rhodospirillales,Acetobacteraceae,Roseomonas,NA
Bacteria,Proteobacteria,Alphaproteobacteria,Sphingomonadales,Sphingomonadaceae,NA,NA
Bacteria,Proteobacteria,Deltaproteobacteria,Myxococcales,NA,NA,NA
Bacteria,Actinobacteria,Thermoleophilia,Solirubrobacterales,Solirubrobacteraceae,Solirubrobacter,NA
Bacteria,Proteobacteria,Alphaproteobacteria,Rhizobiales,Methylobacteriaceae,Methylobacterium,NA
Bacteria,Gemmatimonadetes,Gemmatimonadetes,Gemmatimonadales,Gemmatimonadaceae,Roseisolibacter,NA
Bacteria,Proteobacteria,Betaproteobacteria,Burkholderiales,Comamonadaceae,NA,NA
Bacteria,Arthropoda,Insecta,Diptera,Syrphidae,Eupeodes,Eupeodes luniger
Bacteria,Firmicutes,Clostridia,Clostridiales,Lachnospiraceae,Fusicatenibacter,saccharivorans
Bacteria,Proteobacteria,Alphaproteobacteria,Rhodospirillales,Acetobacteraceae,Asaia,NA
Bacteria,Proteobacteria,Betaproteobacteria,Burkholderiales,Burkholderiaceae,Caballeronia,NA
Bacteria,Proteobacteria,Gammaproteobacteria,Enterobacterales,Enterobacteriaceae,NA,NA
Bacteria,Proteobacteria,Alphaproteobacteria,Rhizobiales,Aurantimonadaceae,NA,NA
Bacteria,Firmicutes,Bacilli,Lactobacillales,Lactobacillaceae,Holzapfelia,NA
Bacteria,Proteobacteria,Alphaproteobacteria,Rhizobiales,Methylobacteriaceae,Methylobacterium,NA
Bacteria,Proteobacteria,Betaproteobacteria,Burkholderiales,Comamonadaceae,Ramlibacter,NA
Bacteria,Actinobacteria,Actinobacteria,Kineosporiales,Kineosporiaceae,Kineococcus,NA
Bacteria,Proteobacteria,Alphaproteobacteria,Rhizobiales,NA,NA,NA
Bacteria,Proteobacteria,Alphaproteobacteria,Rhodospirillales,Acetobacteraceae,NA,NA
Bacteria,Streptophyta,Magnoliopsida,Lamiales,Orobanchaceae,Aphyllon,Aphyllon fasciculatum
Bacteria,Proteobacteria,Alphaproteobacteria,Sphingomonadales,Erythrobacteraceae,Porphyrobacter,NA
Bacteria,Proteobacteria,Alphaproteobacteria,Sphingomonadales,Sphingomonadaceae,NA,NA
Bacteria,Zoopagomycota,Entomophthoromycetes,Entomophthorales,Entomophthoraceae,Pandora,Pandora neoaphidis
Bacteria,Parcubacteria,NA,NA,NA,NA,NA
Bacteria,Proteobacteria,Gammaproteobacteria,Enterobacterales,Erwiniaceae,Buchnera,Buchnera aphidicola
Bacteria,Firmicutes,Bacilli,Bacillales,Staphylococcaceae,Staphylococcus,Staphylococcus warneri
Bacteria,Actinobacteria,Rubrobacteria,Rubrobacterales,Rubrobacteraceae,Rubrobacter,bracarensis
Bacteria,Proteobacteria,NA,NA,NA,NA,NA
Bacteria,Proteobacteria,Alphaproteobacteria,Rhodospirillales,Acetobacteraceae,Saccharibacter,NA
Bacteria,Proteobacteria,Gammaproteobacteria,Enterobacterales,Enterobacteriaceae,Escherichia/Shigella,NA
Bacteria,Cyanobacteria/Chloroplast,NA,NA,NA,NA,NA
Bacteria,Proteobacteria,Alphaproteobacteria,Rhizobiales,Aurantimonadaceae,Aureimonas,NA
Bacteria,Firmicutes,Clostridia,Clostridiales,Lachnospiraceae,Blautia,NA
Bacteria,Proteobacteria,Alphaproteobacteria,Rhodospirillales,Acetobacteraceae,Roseomonas,NA
Bacteria,NA,NA,NA,NA,NA,NA
Bacteria,Proteobacteria,Alphaproteobacteria,Rhodospirillales,Acetobacteraceae,Commensalibacter,NA
Bacteria,Proteobacteria,Alphaproteobacteria,Rhodospirillales,Acetobacteraceae,Commensalibacter,NA
Bacteria,Nitrospirae,Nitrospira,Nitrospirales,Nitrospiraceae,Nitrospira,cf.
Bacteria,Proteobacteria,Alphaproteobacteria,Sphingomonadales,Erythrobacteraceae,NA,NA
Bacteria,Proteobacteria,Alphaproteobacteria,Rhizobiales,NA,NA,NA
Bacteria,Bacteroidetes,Cytophagia,Cytophagales,Hymenobacteraceae,Hymenobacter,Hymenobacter terrenus
Bacteria,NA,NA,NA,NA,NA,NA
Bacteria,Actinobacteria,Actinobacteria,Mycobacteriales,Mycobacteriaceae,Mycobacterium,NA
Bacteria,Proteobacteria,Alphaproteobacteria,Rhizobiales,Rhizobiaceae,Rhizobium,Rhizobium cellulosilyticum
Bacteria,Proteobacteria,Deltaproteobacteria,NA,NA,NA,NA
Bacteria,Bacteroidetes,Cytophagia,Cytophagales,Cytophagaceae,Lacihabitans,NA
Bacteria,Parcubacteria,NA,NA,NA,NA,NA
Bacteria,Bacteroidetes,Chitinophagia,Chitinophagales,Chitinophagaceae,NA,NA
Bacteria,Chlamydiae,Chlamydiia,Chlamydiales,Parachlamydiaceae,Neochlamydia,NA
Bacteria,Proteobacteria,NA,NA,NA,NA,NA
Bacteria,Proteobacteria,Alphaproteobacteria,Sphingomonadales,Sphingomonadaceae,Sphingomonas,Sphingomonas changnyeongensis
Bacteria,Cyanobacteria/Chloroplast,NA,NA,NA,NA,NA
Bacteria,Proteobacteria,Alphaproteobacteria,Rhodospirillales,Acetobacteraceae,Acidiphilium,NA
Bacteria,Proteobacteria,Betaproteobacteria,Burkholderiales,Oxalobacteraceae,Massilia,putida
Bacteria,Proteobacteria,Alphaproteobacteria,Rhodobacterales,Rhodobacteraceae,NA,NA
Bacteria,Firmicutes,Bacilli,Lactobacillales,Enterococcaceae,Vagococcus,teuberi
Bacteria,Bacteroidetes,Bacteroidia,Bacteroidales,Dysgonomonadaceae,Dysgonomonas,NA
Bacteria,Proteobacteria,Alphaproteobacteria,Rhizobiales,Rhizobiaceae,Rhizobium,Rhizobium cellulosilyticum
Bacteria,Proteobacteria,Gammaproteobacteria,Legionellales,Legionellaceae,Legionella,NA
Bacteria,Proteobacteria,Alphaproteobacteria,Sphingomonadales,Erythrobacteraceae,Novosphingobium,Novosphingobium lindaniclasticum
Bacteria,Proteobacteria,Gammaproteobacteria,Orbales,Orbaceae,Gilliamella,NA
Bacteria,Proteobacteria,Alphaproteobacteria,Rhizobiales,Methylobacteriaceae,Methylobacterium,gossipiicola
Bacteria,Streptophyta,Magnoliopsida,Rosales,Urticaceae,Pouzolzia,Pouzolzia sanguinea
Bacteria,Actinobacteria,Actinobacteria,Micrococcales,Microbacteriaceae,Amnibacterium,NA
Bacteria,Proteobacteria,Alphaproteobacteria,Rhizobiales,Methylobacteriaceae,Methylobacterium,NA
Bacteria,Proteobacteria,Alphaproteobacteria,Sphingomonadales,Sphingosinicellaceae,Sphingoaurantiacus,NA
Bacteria,Proteobacteria,Alphaproteobacteria,Rhodospirillales,Azospirillaceae,Azospirillum,doebereinerae
Bacteria,Ascomycota,Dothideomycetes,Pleosporales,Phaeosphaeriaceae,Didymocyrtis,Didymocyrtis foliaceiphila
Bacteria,Proteobacteria,Alphaproteobacteria,Rhizobiales,Devosiaceae,Devosia,NA
Bacteria,Proteobacteria,Alphaproteobacteria,Rhodospirillales,Acetobacteraceae,Saccharibacter,NA
Bacteria,Proteobacteria,NA,NA,NA,NA,NA
Bacteria,Bacteroidetes,Sphingobacteriia,Sphingobacteriales,Sphingobacteriaceae,Mucilaginibacter,NA
Bacteria,Proteobacteria,Gammaproteobacteria,Pseudomonadales,Pseudomonadaceae,Pseudomonas,NA
Bacteria,Actinobacteria,Actinobacteria,Micrococcales,Dermabacteraceae,Brachybacterium,NA
Bacteria,Proteobacteria,Alphaproteobacteria,Sphingomonadales,Sphingomonadaceae,Sphingomonas,NA
Bacteria,Proteobacteria,NA,NA,NA,NA,NA
Bacteria,Proteobacteria,Alphaproteobacteria,Sphingomonadales,Sphingomonadaceae,Sphingomonas,NA
Bacteria,Proteobacteria,Gammaproteobacteria,Enterobacterales,Pectobacteriaceae,Brenneria,Brenneria goodwinii
Bacteria,Proteobacteria,Betaproteobacteria,Burkholderiales,Burkholderiaceae,Robbsia,Robbsia andropogonis
Bacteria,Proteobacteria,Alphaproteobacteria,Sphingomonadales,Sphingomonadaceae,Sphingomonas,NA
Bacteria,Firmicutes,Clostridia,Clostridiales,Peptostreptococcaceae,Peptacetobacter,Peptacetobacter hiranonis
Bacteria,Proteobacteria,Gammaproteobacteria,Xanthomonadales,Xanthomonadaceae,Stenotrophomonas,maltophilia
Bacteria,NA,NA,NA,NA,NA,NA
Bacteria,Proteobacteria,Alphaproteobacteria,Sphingomonadales,Erythrobacteraceae,Novosphingobium,Novosphingobium lindaniclasticum
Bacteria,Bacteroidetes,Flavobacteriia,Flavobacteriales,Weeksellaceae,Chryseobacterium,NA
Bacteria,Bacteroidetes,Flavobacteriia,Flavobacteriales,Flavobacteriaceae,Flavobacterium,NA
Bacteria,Proteobacteria,Alphaproteobacteria,Rhodospirillales,Acetobacteraceae,NA,NA
Bacteria,Bacteroidetes,NA,NA,NA,NA,NA
Bacteria,Proteobacteria,Deltaproteobacteria,Myxococcales,Nannocystaceae,NA,NA
Bacteria,Actinobacteria,Actinobacteria,Pseudonocardiales,Pseudonocardiaceae,Pseudonocardia,NA
Bacteria,Acidobacteria,Acidobacteria_Gp10,Gp10,NA,NA,NA
Bacteria,Proteobacteria,Gammaproteobacteria,Aeromonadales,Succinivibrionaceae,Anaerobiospirillum,Anaerobiospirillum thomasii
Bacteria,Bacteroidetes,Bacteroidia,Bacteroidales,Porphyromonadaceae,Parabacteroides,merdae
Bacteria,Proteobacteria,Gammaproteobacteria,Enterobacterales,Morganellaceae,Proteus,Proteus mirabilis
Bacteria,Proteobacteria,Alphaproteobacteria,Rhizobiales,NA,NA,NA
Bacteria,Firmicutes,Bacilli,Bacillales,Staphylococcaceae,Staphylococcus,Staphylococcus aureus
Bacteria,Proteobacteria,Gammaproteobacteria,Pseudomonadales,Pseudomonadaceae,NA,NA
Bacteria,Bacteroidetes,Bacteroidia,Bacteroidales,Prevotellaceae,Prevotella,NA
Bacteria,Proteobacteria,Alphaproteobacteria,Sphingomonadales,Erythrobacteraceae,Novosphingobium,arabidopsis
Bacteria,Proteobacteria,Betaproteobacteria,Burkholderiales,Comamonadaceae,NA,NA
Bacteria,Proteobacteria,Alphaproteobacteria,Rhizobiales,Aurantimonadaceae,Aureimonas,altamirensis
Bacteria,Bacteroidetes,Sphingobacteriia,Sphingobacteriales,Sphingobacteriaceae,Pedobacter,panaciterrae
Bacteria,Proteobacteria,Betaproteobacteria,Burkholderiales,Comamonadaceae,NA,NA
Bacteria,Firmicutes,Bacilli,Lactobacillales,Lactobacillaceae,Leuconostoc,Leuconostoc pseudomesenteroides
Bacteria,Firmicutes,Bacilli,Lactobacillales,Streptococcaceae,Lactococcus,Lactococcus laudensis
Bacteria,Proteobacteria,Betaproteobacteria,Burkholderiales,Comamonadaceae,Acidovorax,NA
Bacteria,Bacteroidetes,Flavobacteriia,Flavobacteriales,Flavobacteriaceae,Myroides,NA
Bacteria,Cyanobacteria/Chloroplast,NA,NA,NA,NA,NA
Bacteria,Proteobacteria,Gammaproteobacteria,Pseudomonadales,Moraxellaceae,NA,NA
Bacteria,Proteobacteria,NA,NA,NA,NA,NA
Bacteria,Proteobacteria,Gammaproteobacteria,Pseudomonadales,Pseudomonadaceae,Pseudomonas,Pseudomonas poae
Bacteria,Proteobacteria,Deltaproteobacteria,Myxococcales,NA,NA,NA
Bacteria,Firmicutes,Clostridia,Clostridiales,Lachnospiraceae,Lachnoclostridium,NA
Bacteria,Proteobacteria,Gammaproteobacteria,Enterobacterales,Enterobacteriaceae,Enterobacter,Enterobacter asburiae
Bacteria,Proteobacteria,Alphaproteobacteria,Rhizobiales,Devosiaceae,Devosia,NA
Bacteria,Cyanobacteria/Chloroplast,NA,NA,NA,NA,NA
Bacteria,NA,NA,NA,NA,NA,NA
Bacteria,Bacteroidetes,Cytophagia,Cytophagales,Hymenobacteraceae,Hymenobacter,NA
Bacteria,Proteobacteria,Alphaproteobacteria,Rhizobiales,Methylobacteriaceae,Methylobacterium,NA
Bacteria,Actinobacteria,Actinobacteria,Mycobacteriales,Mycobacteriaceae,Mycobacterium,NA
Bacteria,Bacteroidetes,Flavobacteriia,Flavobacteriales,Flavobacteriaceae,Flavobacterium,NA
Bacteria,Ciliophora,Heterotrichea,Heterotrichida,Stentoridae,Stentor,NA
Bacteria,Proteobacteria,Betaproteobacteria,Neisseriales,Neisseriaceae,Neisseria,NA
Bacteria,Bacteroidetes,Flavobacteriia,Flavobacteriales,Weeksellaceae,Elizabethkingia,NA
Bacteria,NA,NA,NA,NA,NA,NA
Bacteria,NA,NA,NA,NA,NA,NA
Bacteria,Bacteroidetes,Flavobacteriia,Flavobacteriales,Flavobacteriaceae,Flavobacterium,NA
Bacteria,Proteobacteria,Alphaproteobacteria,Sphingomonadales,Sphingomonadaceae,Sphingomonas,NA
Bacteria,Proteobacteria,Alphaproteobacteria,Sphingomonadales,Sphingomonadaceae,Sphingomonas,NA
Bacteria,Proteobacteria,Betaproteobacteria,Burkholderiales,Comamonadaceae,Curvibacter,NA
Bacteria,Proteobacteria,Gammaproteobacteria,Enterobacterales,Enterobacteriaceae,Candidatus Hamiltonella,Candidatus Hamiltonella defensa
Bacteria,Chlamydiae,Chlamydiia,Chlamydiales,NA,NA,NA
Bacteria,Proteobacteria,Alphaproteobacteria,NA,NA,NA,NA
Bacteria,Firmicutes,Clostridia,Clostridiales,Peptostreptococcaceae,Romboutsia,NA
Bacteria,Firmicutes,Bacilli,Lactobacillales,Lactobacillaceae,Leuconostoc,NA
Bacteria,Proteobacteria,Gammaproteobacteria,Enterobacterales,NA,NA,NA
Bacteria,Verrucomicrobia,Verrucomicrobiae,Verrucomicrobiales,Verrucomicrobiaceae,Luteolibacter,NA
Bacteria,Arthropoda,Insecta,Diptera,Syrphidae,Eupeodes,Eupeodes luniger
Bacteria,Proteobacteria,Betaproteobacteria,Burkholderiales,Comamonadaceae,NA,NA
Bacteria,Streptophyta,Magnoliopsida,Rosales,Urticaceae,Pouzolzia,Pouzolzia sanguinea
Bacteria,Proteobacteria,Alphaproteobacteria,Rhizobiales,NA,NA,NA
Bacteria,Bacteroidetes,Sphingobacteriia,Sphingobacteriales,Sphingobacteriaceae,Mucilaginibacter,daejeonensis
Bacteria,NA,NA,NA,NA,NA,NA
Bacteria,Actinobacteria,Actinobacteria,NA,NA,NA,NA
Bacteria,Bacteroidetes,Flavobacteriia,Flavobacteriales,Weeksellaceae,Chryseobacterium,NA
Bacteria,NA,NA,NA,NA,NA,NA
Bacteria,Proteobacteria,Alphaproteobacteria,Rhizobiales,Methylobacteriaceae,Methylobacterium,NA
Bacteria,Proteobacteria,Betaproteobacteria,NA,NA,NA,NA
Bacteria,Acidobacteria,Acidobacteria_Gp1,Terriglobus,NA,NA,NA
Bacteria,Bacteroidetes,Cytophagia,Cytophagales,Hymenobacteraceae,Hymenobacter,NA
Bacteria,Firmicutes,NA,NA,NA,NA,NA
Bacteria,Proteobacteria,Alphaproteobacteria,Rhizobiales,Bartonellaceae,Bartonella,NA
Bacteria,Actinobacteria,Actinobacteria,Mycobacteriales,Nocardiaceae,Rhodococcus,NA
Bacteria,Proteobacteria,Gammaproteobacteria,Enterobacterales,Enterobacteriaceae,NA,NA
Bacteria,Microsporidia,NA,NA,Tubulinosematidae,Anncaliia,Anncaliia azovica
Bacteria,Bacteroidetes,Cytophagia,Cytophagales,NA,NA,NA
Bacteria,Actinobacteria,Actinobacteria,Micrococcales,Microbacteriaceae,Leifsonia,NA
Bacteria,Proteobacteria,Alphaproteobacteria,Sphingomonadales,Erythrobacteraceae,Croceibacterium,NA
Bacteria,Proteobacteria,Alphaproteobacteria,Rhizobiales,Methylobacteriaceae,Methylobacterium,NA
Bacteria,Firmicutes,Bacilli,Bacillales,Staphylococcaceae,Staphylococcus,NA
Bacteria,Proteobacteria,Gammaproteobacteria,Enterobacterales,Pectobacteriaceae,Dickeya,Dickeya fangzhongdai
Bacteria,Proteobacteria,Alphaproteobacteria,Rhodobacterales,Rhodobacteraceae,Amaricoccus,tamworthensis
Bacteria,Actinobacteria,Thermoleophilia,Solirubrobacterales,Parviterribacteraceae,Parviterribacter,NA
Bacteria,Ascomycota,Dothideomycetes,Pleosporales,Sporormiaceae,Preussia,Preussia tetramera
Bacteria,Proteobacteria,Betaproteobacteria,Burkholderiales,Burkholderiaceae,Paraburkholderia,Paraburkholderia fungorum
Bacteria,Bacteroidetes,Cytophagia,Cytophagales,Cytophagaceae,Aquirufa,NA
Bacteria,Bacteroidetes,Flavobacteriia,Flavobacteriales,Weeksellaceae,Chryseobacterium,NA
Bacteria,Proteobacteria,Alphaproteobacteria,Rhizobiales,NA,NA,NA
Bacteria,Proteobacteria,Betaproteobacteria,Burkholderiales,Comamonadaceae,NA,NA
Bacteria,NA,NA,NA,NA,NA,NA
Bacteria,Proteobacteria,Betaproteobacteria,Burkholderiales,Comamonadaceae,NA,NA
Bacteria,Bacteroidetes,Flavobacteriia,Flavobacteriales,Flavobacteriaceae,Flavobacterium,terrigena
Bacteria,Actinobacteria,Actinobacteria,Micrococcales,NA,NA,NA
Bacteria,Proteobacteria,Alphaproteobacteria,Rhodospirillales,Acetobacteraceae,Roseomonas,aerophila
Bacteria,Bacteroidetes,NA,NA,NA,NA,NA
Bacteria,Firmicutes,Bacilli,Bacillales,Alicyclobacillaceae,Tumebacillus,Tumebacillus luteolus
Bacteria,Bacteroidetes,Bacteroidia,Bacteroidales,Rikenellaceae,Alistipes,finegoldii
Bacteria,Firmicutes,Bacilli,Bacillales,Bacillaceae_1,NA,NA
Bacteria,Proteobacteria,Alphaproteobacteria,Sphingomonadales,Sphingomonadaceae,NA,NA
Bacteria,Actinobacteria,Actinobacteria,Micrococcales,Micrococcaceae,Rothia,Rothia halotolerans
Bacteria,Actinobacteria,Actinobacteria,Mycobacteriales,Corynebacteriaceae,Corynebacterium,Corynebacterium variabile
Bacteria,Firmicutes,Bacilli,Lactobacillales,Lactobacillaceae,Lactobacillus,kitasatonis
Bacteria,Firmicutes,Bacilli,Lactobacillales,Lactobacillaceae,Holzapfelia,NA
Bacteria,Planctomycetes,Planctomycetacia,Planctomycetales,Isosphaeraceae,NA,NA
Bacteria,Actinobacteria,Actinobacteria,Mycobacteriales,Mycobacteriaceae,Mycobacterium,NA
Bacteria,Proteobacteria,Alphaproteobacteria,Rhodobacterales,Rhodobacteraceae,Rubellimicrobium,NA
Bacteria,Proteobacteria,Betaproteobacteria,Burkholderiales,Alcaligenaceae,Azohydromonas,australica
Bacteria,Acidobacteria,Blastocatellia,Blastocatellales,Blastocatellaceae,NA,NA
Bacteria,Proteobacteria,Gammaproteobacteria,Orbales,Orbaceae,Gilliamella,NA
Bacteria,Proteobacteria,Gammaproteobacteria,Xanthomonadales,Xanthomonadaceae,Stenotrophomonas,Stenotrophomonas rhizophila
Bacteria,Proteobacteria,Alphaproteobacteria,Sphingomonadales,Erythrobacteraceae,Novosphingobium,Novosphingobium clariflavum
Bacteria,Proteobacteria,Alphaproteobacteria,Sphingomonadales,Sphingomonadaceae,NA,NA
Bacteria,Proteobacteria,Deltaproteobacteria,Myxococcales,NA,NA,NA
Bacteria,Proteobacteria,Alphaproteobacteria,Rhizobiales,NA,NA,NA
Bacteria,Verrucomicrobia,Subdivision3,NA,NA,NA,NA
Bacteria,Proteobacteria,Gammaproteobacteria,Legionellales,Legionellaceae,Legionella,NA
Bacteria,NA,NA,NA,NA,NA,NA
Bacteria,Bacteroidetes,NA,NA,NA,NA,NA
Bacteria,Verrucomicrobia,Subdivision3,NA,NA,NA,NA
Bacteria,Proteobacteria,Alphaproteobacteria,Sphingomonadales,Sphingomonadaceae,NA,NA
Bacteria,Proteobacteria,Alphaproteobacteria,Sphingomonadales,Sphingomonadaceae,NA,NA
Bacteria,Bacteroidetes,Flavobacteriia,Flavobacteriales,Cryomorphaceae,Fluviicola,NA
Bacteria,Proteobacteria,Alphaproteobacteria,Rhizobiales,Rhizobiaceae,NA,NA
Bacteria,Proteobacteria,Gammaproteobacteria,Legionellales,Coxiellaceae,Diplorickettsia,NA
Bacteria,Proteobacteria,Betaproteobacteria,Burkholderiales,NA,NA,NA
Bacteria,Actinobacteria,Actinobacteria,Pseudonocardiales,Pseudonocardiaceae,Pseudonocardia,NA
Bacteria,Proteobacteria,Deltaproteobacteria,Myxococcales,Polyangiaceae,Chondromyces,Chondromyces robustus
Bacteria,Actinobacteria,Actinobacteria,Sporichthyales,Sporichthyaceae,Longivirga,NA
Bacteria,Bacteroidetes,Bacteroidia,Bacteroidales,Bacteroidaceae,Bacteroides,Bacteroides stercoris
Bacteria,Campilobacterota,Campylobacteria,Campylobacterales,Helicobacteraceae,Helicobacter,Helicobacter jaachi
Bacteria,Bacteroidetes,Flavobacteriia,Flavobacteriales,Weeksellaceae,Chryseobacterium,NA
Bacteria,Firmicutes,Clostridia,Clostridiales,Lachnospiraceae,NA,NA
Bacteria,Proteobacteria,Alphaproteobacteria,Sphingomonadales,Sphingomonadaceae,Sphingomonas,NA
Bacteria,Proteobacteria,Alphaproteobacteria,Rhizobiales,Rhizobiaceae,Martelella,endophytica
Bacteria,Proteobacteria,Alphaproteobacteria,Sphingomonadales,Sphingomonadaceae,NA,NA
Bacteria,Proteobacteria,Alphaproteobacteria,Sphingomonadales,Sphingomonadaceae,Sphingomonas,rubra
Bacteria,Proteobacteria,Deltaproteobacteria,Myxococcales,NA,NA,NA
Bacteria,Ascomycota,Leotiomycetes,Helotiales,Lachnaceae,Erioscyphella,Erioscyphella hainanensis
Bacteria,Proteobacteria,Alphaproteobacteria,Sphingomonadales,Sphingomonadaceae,Sphingomonas,NA
Bacteria,Bacteroidetes,Bacteroidia,Bacteroidales,Dysgonomonadaceae,Dysgonomonas,NA
Bacteria,Proteobacteria,Gammaproteobacteria,Orbales,Orbaceae,NA,NA
Bacteria,Proteobacteria,Betaproteobacteria,Burkholderiales,NA,NA,NA
Bacteria,Proteobacteria,Alphaproteobacteria,Rhizobiales,NA,NA,NA
Bacteria,Proteobacteria,Alphaproteobacteria,Sphingomonadales,Sphingomonadaceae,Sphingomonas,NA
Bacteria,Acidobacteria,Acidobacteria_Gp7,Gp7,NA,NA,NA
Bacteria,Bacteroidetes,Chitinophagia,Chitinophagales,Chitinophagaceae,Segetibacter,NA
Bacteria,Cyanobacteria/Chloroplast,Cyanobacteria,NA,NA,NA,NA
Bacteria,Proteobacteria,Gammaproteobacteria,Legionellales,Legionellaceae,Legionella,NA
Bacteria,NA,NA,NA,NA,NA,NA
Bacteria,Pseudomonadota,Alphaproteobacteria,Rickettsiales,Anaplasmataceae,Wolbachia,Wolbachia endosymbiont of Formica cinerea
Bacteria,Proteobacteria,Gammaproteobacteria,Nevskiales,Steroidobacteraceae,Povalibacter,uvarum
Bacteria,Proteobacteria,Alphaproteobacteria,Rhizobiales,NA,NA,NA
Bacteria,Proteobacteria,Alphaproteobacteria,Rhodospirillales,Acetobacteraceae,NA,NA
Bacteria,Streptophyta,Magnoliopsida,Asterales,Asteraceae,Gynoxys,Gynoxys mandonii
Bacteria,Proteobacteria,Gammaproteobacteria,Enterobacterales,Enterobacteriaceae,NA,NA
Bacteria,Pseudomonadota,Gammaproteobacteria,NA,NA,NA,NA
Bacteria,Streptophyta,Magnoliopsida,Rosales,Rosaceae,Holodiscus,Holodiscus discolor
Bacteria,NA,NA,NA,NA,NA,NA
Bacteria,Actinobacteria,Actinobacteria,Micrococcales,Microbacteriaceae,Frigoribacterium,NA
Bacteria,Proteobacteria,Gammaproteobacteria,Enterobacterales,Yersiniaceae,Serratia,NA
Bacteria,Proteobacteria,Alphaproteobacteria,Sphingomonadales,Sphingomonadaceae,NA,NA
Bacteria,Proteobacteria,Alphaproteobacteria,Rhizobiales,NA,NA,NA
Bacteria,Proteobacteria,Alphaproteobacteria,Sphingomonadales,Sphingomonadaceae,Sphingomonas,polyaromaticivorans
Bacteria,Proteobacteria,Alphaproteobacteria,Rhodobacterales,Rhodobacteraceae,Roseovarius,NA
Bacteria,Acidobacteria,Blastocatellia,Blastocatellales,Blastocatellaceae,NA,NA
Bacteria,Proteobacteria,Alphaproteobacteria,Rickettsiales,Rickettsiaceae,Rickettsia,endosymbiont
Bacteria,Proteobacteria,Alphaproteobacteria,Sphingomonadales,Sphingomonadaceae,Sphingomonas,NA
Bacteria,Proteobacteria,Gammaproteobacteria,Xanthomonadales,Rhodanobacteraceae,NA,NA
Bacteria,Bacteroidetes,Flavobacteriia,Flavobacteriales,Flavobacteriaceae,Flavobacterium,NA
Bacteria,Proteobacteria,Gammaproteobacteria,Orbales,Orbaceae,NA,NA
Bacteria,Firmicutes,Bacilli,Bacillales,Bacillaceae_1,NA,NA
Bacteria,Proteobacteria,Alphaproteobacteria,Rhizobiales,Methylobacteriaceae,Methylobacterium,NA
Bacteria,Proteobacteria,Alphaproteobacteria,NA,NA,NA,NA
Bacteria,Proteobacteria,Alphaproteobacteria,Rhodospirillales,Acetobacteraceae,Roseomonas,NA
Bacteria,Bacteroidetes,Bacteroidia,Bacteroidales,Rikenellaceae,Alistipes,NA
Bacteria,Proteobacteria,Alphaproteobacteria,Rhodospirillales,Acetobacteraceae,NA,NA
Bacteria,Firmicutes,Clostridia,Clostridiales,Lachnospiraceae,Anaerostipes,hadrus
Bacteria,Proteobacteria,Alphaproteobacteria,Rhizobiales,Rhizobiaceae,NA,NA
Bacteria,Zoopagomycota,Entomophthoromycetes,Entomophthorales,Entomophthoraceae,Massospora,Massospora cicadina
Bacteria,Actinobacteria,Actinobacteria,Micrococcales,Microbacteriaceae,NA,NA
Bacteria,Actinobacteria,Actinobacteria,Actinomycetales,Actinomycetaceae,Mobiluncus,curtisii
Bacteria,Proteobacteria,Gammaproteobacteria,Oceanospirillales,Halomonadaceae,Candidatus Portiera,Candidatus Portiera aleyrodidarum
Bacteria,Proteobacteria,Gammaproteobacteria,Enterobacterales,NA,NA,NA
Bacteria,Firmicutes,Clostridia,Clostridiales,Lachnospiraceae,NA,NA
Bacteria,Proteobacteria,Betaproteobacteria,Burkholderiales,Oxalobacteraceae,Massilia,NA
Bacteria,Bacteroidetes,Flavobacteriia,Flavobacteriales,Weeksellaceae,Chryseobacterium,NA
Bacteria,Oomycota,NA,Peronosporales,Peronosporaceae,Phytophthora,Phytophthora lateralis
Bacteria,Proteobacteria,Gammaproteobacteria,Pseudomonadales,Pseudomonadaceae,Pseudomonas,NA
Bacteria,Actinobacteria,Actinobacteria,Propionibacteriales,Nocardioidaceae,Nocardioides,NA
Bacteria,Proteobacteria,Alphaproteobacteria,Sphingomonadales,Sphingomonadaceae,Sphingomonas,Sphingomonas mesophila
Bacteria,Proteobacteria,Betaproteobacteria,Burkholderiales,Comamonadaceae,Ramlibacter,NA
Bacteria,Bacteroidetes,Chitinophagia,Chitinophagales,Chitinophagaceae,Flavisolibacter,Flavisolibacter ginsenosidimutans
Bacteria,Firmicutes,Clostridia,Clostridiales,Ruminococcaceae,NA,NA
Bacteria,Proteobacteria,Alphaproteobacteria,Sphingomonadales,Sphingomonadaceae,Sphingomonas,NA
Bacteria,Proteobacteria,Alphaproteobacteria,Rhizobiales,NA,NA,NA
Bacteria,Bacteroidetes,Chitinophagia,Chitinophagales,Chitinophagaceae,Flavisolibacter,NA
Bacteria,Proteobacteria,Gammaproteobacteria,Legionellales,Coxiellaceae,Diplorickettsia,NA
Bacteria,Proteobacteria,Alphaproteobacteria,Rhizobiales,Rhizobiaceae,Rhizobium,NA
Bacteria,Proteobacteria,Alphaproteobacteria,Rhizobiales,Devosiaceae,Devosia,NA
Bacteria,Bacteroidetes,Cytophagia,Cytophagales,Hymenobacteraceae,Hymenobacter,NA
Bacteria,Firmicutes,Bacilli,Bacillales,Planococcaceae,Planococcus,Planococcus glaciei
Bacteria,Proteobacteria,Gammaproteobacteria,NA,NA,NA,NA
Bacteria,Ascomycota,Dothideomycetes,Pleosporales,Pleosporaceae,Alternaria,Alternaria infectoria
Bacteria,Proteobacteria,Alphaproteobacteria,Rhizobiales,Aurantimonadaceae,Aureimonas,NA
Bacteria,Planctomycetes,Planctomycetacia,Planctomycetales,Gemmataceae,Limnoglobus,NA
Bacteria,NA,NA,NA,NA,NA,NA
Bacteria,Bacteroidetes,NA,NA,NA,NA,NA
Bacteria,Verrucomicrobia,NA,NA,NA,NA,NA
Bacteria,Cyanobacteria/Chloroplast,Cyanobacteria,NA,NA,NA,NA
Bacteria,Verrucomicrobia,Verrucomicrobiae,Verrucomicrobiales,Verrucomicrobiaceae,Verrucomicrobium,NA
Bacteria,Actinobacteria,Actinobacteria,Micrococcales,Micrococcaceae,Paenarthrobacter,NA
Bacteria,Bacteroidetes,Chitinophagia,Chitinophagales,Chitinophagaceae,Sediminibacterium,salmoneum
Bacteria,Bacteroidetes,Cytophagia,Cytophagales,Cytophagaceae,Arcicella,NA
Bacteria,Proteobacteria,Betaproteobacteria,Burkholderiales,Comamonadaceae,Ramlibacter,NA
Bacteria,Acidobacteria,Acidobacteria_Gp6,Gp6,NA,NA,NA
Bacteria,Proteobacteria,Betaproteobacteria,Burkholderiales,Burkholderiaceae,Robbsia,NA
Bacteria,Streptophyta,Magnoliopsida,Ranunculales,Berberidaceae,Dysosma,Dysosma delavayi
Bacteria,Proteobacteria,Alphaproteobacteria,Rhodospirillales,Acetobacteraceae,Roseomonas,NA
Bacteria,NA,NA,NA,NA,NA,NA
Bacteria,NA,NA,NA,NA,NA,NA
Bacteria,Proteobacteria,Betaproteobacteria,NA,NA,NA,NA
Bacteria,Proteobacteria,Alphaproteobacteria,Rhodospirillales,Acetobacteraceae,NA,NA
Bacteria,Proteobacteria,Alphaproteobacteria,Sphingomonadales,Sphingomonadaceae,Sphingobium,NA
Bacteria,Proteobacteria,Alphaproteobacteria,Rhizobiales,Rhizobiaceae,Rhizobium,NA
Bacteria,Firmicutes,Clostridia,Clostridiales,Lachnospiraceae,NA,NA
Bacteria,Actinobacteria,Actinobacteria,Propionibacteriales,Nocardioidaceae,Marmoricola,korecus
Bacteria,Actinobacteria,Actinobacteria,Micrococcales,Microbacteriaceae,Arenivirga,NA
Bacteria,Proteobacteria,Gammaproteobacteria,Pseudomonadales,Moraxellaceae,Acinetobacter,NA
Bacteria,Proteobacteria,Alphaproteobacteria,Rhodospirillales,Acetobacteraceae,Gluconobacter,NA
Bacteria,Proteobacteria,Alphaproteobacteria,Rhizobiales,Bradyrhizobiaceae,NA,NA
Bacteria,Proteobacteria,Betaproteobacteria,Burkholderiales,NA,NA,NA
Bacteria,Proteobacteria,Alphaproteobacteria,Rhodospirillales,Acetobacteraceae,Asaia,NA
Bacteria,Firmicutes,Bacilli,Bacillales,Bacillaceae_1,NA,NA
Bacteria,Actinobacteria,Thermoleophilia,Solirubrobacterales,Solirubrobacteraceae,Solirubrobacter,NA
Bacteria,Bacteroidetes,Sphingobacteriia,Sphingobacteriales,Sphingobacteriaceae,Sphingobacterium,NA
Bacteria,Bacteroidetes,Cytophagia,Cytophagales,Hymenobacteraceae,Hymenobacter,NA
Bacteria,Firmicutes,Bacilli,Bacillales,Staphylococcaceae,Staphylococcus,Staphylococcus aureus
Bacteria,Proteobacteria,Gammaproteobacteria,Pseudomonadales,Moraxellaceae,Acinetobacter,baylyi
Bacteria,Proteobacteria,Alphaproteobacteria,Rhodobacterales,Rhodobacteraceae,NA,NA
Bacteria,Actinobacteria,Actinobacteria,Geodermatophilales,Geodermatophilaceae,Blastococcus,NA
Bacteria,Firmicutes,Bacilli,Lactobacillales,Enterococcaceae,Vagococcus,fluvialis
Bacteria,Proteobacteria,Alphaproteobacteria,Rhizobiales,Methylobacteriaceae,Methylobacterium,adhaesivum
Bacteria,Proteobacteria,Alphaproteobacteria,Caulobacterales,Caulobacteraceae,Phenylobacterium,immobile
Bacteria,Bacteroidetes,Cytophagia,Cytophagales,Cytophagaceae,Fibrella,NA
Bacteria,Proteobacteria,Alphaproteobacteria,Sphingomonadales,Sphingomonadaceae,Sphingomonas,NA
Bacteria,Proteobacteria,NA,NA,NA,NA,NA
Bacteria,Verrucomicrobia,Spartobacteria,NA,NA,NA,NA
Bacteria,Proteobacteria,Alphaproteobacteria,Rhizobiales,Rhizobiaceae,Rhizobium,NA
Bacteria,Proteobacteria,Alphaproteobacteria,Rhizobiales,Aurantimonadaceae,NA,NA
Bacteria,Proteobacteria,Alphaproteobacteria,Rickettsiales,Rickettsiaceae,Rickettsia,NA
Bacteria,Proteobacteria,Betaproteobacteria,Burkholderiales,Oxalobacteraceae,Massilia,NA
Bacteria,Bacteroidetes,Flavobacteriia,Flavobacteriales,Weeksellaceae,Chryseobacterium,NA
Bacteria,Proteobacteria,Deltaproteobacteria,Myxococcales,Polyangiaceae,NA,NA
Bacteria,Actinobacteria,Actinobacteria,Mycobacteriales,Mycobacteriaceae,Mycobacterium,NA
Bacteria,Proteobacteria,Gammaproteobacteria,Gammaproteobacteria_incertae_sedis,Ignatzschineria,NA,NA
Bacteria,Bacillota,Bacilli,Lactobacillales,Lactobacillaceae,Secundilactobacillus,Secundilactobacillus paracollinoides
Bacteria,Proteobacteria,Gammaproteobacteria,Gammaproteobacteria_incertae_sedis,Wohlfahrtiimonas,NA,NA
Bacteria,Actinobacteria,Actinobacteria,Mycobacteriales,Gordoniaceae,Gordonia,caeni
Bacteria,Bacteroidetes,NA,NA,NA,NA,NA
Bacteria,Proteobacteria,Gammaproteobacteria,Pseudomonadales,Pseudomonadaceae,Pseudomonas,NA
Bacteria,Planctomycetes,Planctomycetacia,Planctomycetales,Planctomycetaceae,NA,NA
Bacteria,Proteobacteria,Alphaproteobacteria,Caulobacterales,Hyphomonadaceae,Asprobacter,NA
Bacteria,Bacteroidetes,NA,NA,NA,NA,NA
Bacteria,NA,NA,NA,NA,NA,NA
Bacteria,Proteobacteria,Gammaproteobacteria,Cellvibrionales,Halieaceae,NA,NA
Bacteria,Chloroflexi,Anaerolineae,NA,NA,NA,NA
Bacteria,Bacteroidetes,Cytophagia,Cytophagales,Cytophagaceae,Fibrella,NA
Bacteria,Firmicutes,Bacilli,Lactobacillales,Lactobacillaceae,Holzapfelia,NA
Bacteria,Firmicutes,Clostridia,Clostridiales,Ruminococcaceae,Flintibacter,NA
Bacteria,Firmicutes,Negativicutes,Acidaminococcales,Acidaminococcaceae,NA,NA
Bacteria,Proteobacteria,Alphaproteobacteria,Rhizobiales,Brucellaceae,Brucella,NA
Bacteria,Proteobacteria,Alphaproteobacteria,Rhizobiales,NA,NA,NA
Bacteria,Firmicutes,Clostridia,Clostridiales,Ruminococcaceae,NA,NA
Bacteria,Firmicutes,Bacilli,Lactobacillales,Lactobacillaceae,Pediococcus,NA
Bacteria,Actinobacteria,Actinobacteria,Propionibacteriales,Nocardioidaceae,Nocardioides,NA
Bacteria,NA,NA,NA,NA,NA,NA
Bacteria,NA,NA,NA,NA,NA,NA
Bacteria,NA,NA,NA,NA,NA,NA
Bacteria,Proteobacteria,Gammaproteobacteria,Xanthomonadales,Xanthomonadaceae,Stenotrophomonas,NA
Bacteria,Bacteroidetes,NA,NA,NA,NA,NA
Bacteria,Proteobacteria,Alphaproteobacteria,Rhizobiales,Methylobacteriaceae,Methylobacterium,NA
Bacteria,Verrucomicrobia,Subdivision3,NA,NA,NA,NA
Bacteria,Bacteroidetes,Chitinophagia,Chitinophagales,Chitinophagaceae,NA,NA
Bacteria,Bacteroidetes,Flavobacteriia,Flavobacteriales,Flavobacteriaceae,Flavobacterium,NA
Bacteria,Proteobacteria,Alphaproteobacteria,Rhodospirillales,Acetobacteraceae,Roseomonas,Roseomonas nepalensis
Bacteria,Actinobacteria,Actinobacteria,Micrococcales,Micrococcaceae,NA,NA
Bacteria,Proteobacteria,Betaproteobacteria,Neisseriales,Neisseriaceae,NA,NA
Bacteria,Proteobacteria,Alphaproteobacteria,Rhizobiales,NA,NA,NA
Bacteria,Proteobacteria,Alphaproteobacteria,Rhodobacterales,Rhodobacteraceae,NA,NA
Bacteria,Bacteroidetes,Chitinophagia,Chitinophagales,Chitinophagaceae,Paracnuella,NA
Bacteria,Verrucomicrobia,NA,NA,NA,NA,NA
Bacteria,Actinobacteria,Actinobacteria,Micrococcales,Intrasporangiaceae,Oryzihumus,NA
Bacteria,Proteobacteria,Alphaproteobacteria,Rhodobacterales,Rhodobacteraceae,NA,NA
Bacteria,Actinobacteria,Actinobacteria,Mycobacteriales,Nocardiaceae,Prescottella,Prescottella equi
Bacteria,Bacteroidetes,Sphingobacteriia,Sphingobacteriales,Sphingobacteriaceae,Mucilaginibacter,NA
Bacteria,Proteobacteria,Gammaproteobacteria,Cellvibrionales,Halieaceae,NA,NA
Bacteria,Pseudomonadota,Alphaproteobacteria,Rhodospirillales,Acetobacteraceae,NA,NA
Bacteria,Arthropoda,Insecta,Diptera,Syrphidae,Allograpta,Allograpta obliqua
Bacteria,Firmicutes,Bacilli,Bacillales,Bacillaceae,Bacillus,Bacillus wiedmannii
Bacteria,Proteobacteria,Alphaproteobacteria,Rhizobiales,Aurantimonadaceae,NA,NA
Bacteria,NA,NA,NA,NA,NA,NA
Bacteria,Actinobacteria,Actinobacteria,Actinomycetales,Actinomycetaceae,Actinomyces,bowdenii
Bacteria,Proteobacteria,Gammaproteobacteria,Pseudomonadales,Pseudomonadaceae,Pseudomonas,NA
Bacteria,Proteobacteria,Alphaproteobacteria,Rhizobiales,Methylobacteriaceae,Methylobacterium,NA
Bacteria,Proteobacteria,Gammaproteobacteria,Enterobacterales,Enterobacteriaceae,NA,NA
Bacteria,Proteobacteria,Alphaproteobacteria,Rhizobiales,NA,NA,NA
Bacteria,Acidobacteria,NA,NA,NA,NA,NA
Bacteria,Bacteroidetes,Bacteroidia,Bacteroidales,Prevotellaceae,Prevotella,NA
Bacteria,Proteobacteria,Gammaproteobacteria,Legionellales,Coxiellaceae,Aquicella,NA
Bacteria,Proteobacteria,Alphaproteobacteria,Caulobacterales,Caulobacteraceae,Caulobacter,NA
Bacteria,Firmicutes,Negativicutes,Veillonellales,Veillonellaceae,Veillonella,NA
Bacteria,Acidobacteria,Blastocatellia,Blastocatellales,Blastocatellaceae,Stenotrophobacter,NA
Bacteria,Firmicutes,Clostridia,Clostridiales,Peptostreptococcaceae,Terrisporobacter,NA
Bacteria,Planctomycetes,Planctomycetacia,Planctomycetales,NA,NA,NA
Bacteria,Firmicutes,Clostridia,Clostridiales,Peptoniphilaceae,Peptoniphilus,Peptoniphilus faecalis
Bacteria,NA,NA,NA,NA,NA,NA
Bacteria,Proteobacteria,Deltaproteobacteria,Myxococcales,NA,NA,NA
Bacteria,Firmicutes,Negativicutes,Veillonellales,Veillonellaceae,Veillonella,NA
Bacteria,Proteobacteria,Alphaproteobacteria,Rhizobiales,NA,NA,NA
Bacteria,Actinobacteria,Actinobacteria,Pseudonocardiales,Pseudonocardiaceae,Lentzea,kentuckyensis
Bacteria,Proteobacteria,Gammaproteobacteria,Pseudomonadales,Moraxellaceae,Alkanindiges,illinoisensis
Bacteria,Proteobacteria,Betaproteobacteria,Burkholderiales,Alcaligenaceae,Pigmentiphaga,NA
Bacteria,Actinobacteria,Actinobacteria,Kineosporiales,Kineosporiaceae,Kineosporia,NA
Bacteria,Proteobacteria,Alphaproteobacteria,Rhizobiales,NA,NA,NA
Bacteria,Proteobacteria,Alphaproteobacteria,Rhizobiales,Devosiaceae,Devosia,NA
Bacteria,Bacteroidetes,Sphingobacteriia,Sphingobacteriales,Sphingobacteriaceae,Sphingobacterium,Sphingobacterium corticis
Bacteria,Proteobacteria,Alphaproteobacteria,Rhizobiales,Rhizobiaceae,Rhizobium,NA
Bacteria,Firmicutes,Bacilli,Bacillales,Bacillaceae,Bacillus,Bacillus paramycoides
Bacteria,Proteobacteria,Gammaproteobacteria,Cardiobacteriales,Cardiobacteriaceae,NA,NA
Bacteria,Proteobacteria,Gammaproteobacteria,Xanthomonadales,Xanthomonadaceae,Luteimonas,NA
Bacteria,Proteobacteria,Deltaproteobacteria,NA,NA,NA,NA
Bacteria,NA,NA,NA,NA,NA,NA
Bacteria,Parcubacteria,NA,NA,NA,NA,NA
Bacteria,Parcubacteria,NA,NA,NA,NA,NA
Bacteria,Ascomycota,Dothideomycetes,Pleosporales,Phaeosphaeriaceae,Chaetosphaeronema,NA
Bacteria,NA,NA,NA,NA,NA,NA
Bacteria,Proteobacteria,Alphaproteobacteria,NA,NA,NA,NA
Bacteria,Proteobacteria,Alphaproteobacteria,NA,NA,NA,NA
Bacteria,NA,NA,NA,NA,NA,NA
Bacteria,Bacteroidetes,Flavobacteriia,Flavobacteriales,Weeksellaceae,Chryseobacterium,Chryseobacterium aquaticum
Bacteria,Proteobacteria,Alphaproteobacteria,Rhizobiales,NA,NA,NA
Bacteria,Actinobacteria,Acidimicrobiia,Acidimicrobiales,NA,NA,NA
Bacteria,Proteobacteria,Betaproteobacteria,NA,NA,NA,NA
Bacteria,Firmicutes,Clostridia,Clostridiales,Lachnospiraceae,NA,NA
Bacteria,Bacteroidetes,Cytophagia,Cytophagales,Cytophagaceae,Siphonobacter,NA
Bacteria,Proteobacteria,Alphaproteobacteria,Rhodospirillales,Acetobacteraceae,Asaia,NA
Bacteria,Verrucomicrobia,NA,NA,NA,NA,NA
Bacteria,Proteobacteria,Oligoflexia,Silvanigrellales,Silvanigrellaceae,Silvanigrella,NA
Bacteria,NA,NA,NA,NA,NA,NA
Bacteria,Bacteroidetes,Sphingobacteriia,Sphingobacteriales,Sphingobacteriaceae,Mucilaginibacter,NA
Bacteria,Proteobacteria,Alphaproteobacteria,Sphingomonadales,NA,NA,NA
Bacteria,Proteobacteria,Alphaproteobacteria,Caulobacterales,Caulobacteraceae,Brevundimonas,NA
Bacteria,Bacteroidetes,Flavobacteriia,Flavobacteriales,Flavobacteriaceae,Flavobacterium,Flavobacterium terrigena
Bacteria,Chlamydiae,Chlamydiia,Chlamydiales,NA,NA,NA
Bacteria,Zoopagomycota,Entomophthoromycetes,Entomophthorales,Entomophthoraceae,Entomophthora,Entomophthora planchoniana
Bacteria,Bdellovibrionota,Bdellovibrionia,Bdellovibrionales,Pseudobdellovibrionaceae,Bdellovibrio,NA
Bacteria,Acidobacteria,Acidobacteria_Gp6,Gp6,NA,NA,NA
Bacteria,Verrucomicrobia,NA,NA,NA,NA,NA
Bacteria,Proteobacteria,Alphaproteobacteria,Rhizobiales,Methylobacteriaceae,Methylobacterium,NA
Bacteria,Verrucomicrobia,NA,NA,NA,NA,NA
Bacteria,Verrucomicrobia,NA,NA,NA,NA,NA
Bacteria,Proteobacteria,Alphaproteobacteria,Caulobacterales,Caulobacteraceae,NA,NA
Bacteria,Actinobacteria,Acidimicrobiia,Acidimicrobiales,Iamiaceae,Actinomarinicola,NA
Bacteria,Bacteroidetes,Chitinophagia,Chitinophagales,Chitinophagaceae,Flavisolibacter,NA
Bacteria,Proteobacteria,Alphaproteobacteria,Rhodospirillales,Azospirillaceae,Skermanella,aerolata
Bacteria,Actinobacteria,Actinobacteria,NA,NA,NA,NA
Bacteria,Verrucomicrobia,Spartobacteria,NA,NA,NA,NA
Bacteria,Proteobacteria,Gammaproteobacteria,Xanthomonadales,Xanthomonadaceae,Stenotrophomonas,maltophilia
Bacteria,Rhodothermaeota,Rhodothermia,Rhodothermales,Rubricoccaceae,Rubrivirga,NA
Bacteria,Proteobacteria,Alphaproteobacteria,Rhodospirillales,Reyranellaceae,Reyranella,NA
Bacteria,NA,NA,NA,NA,NA,NA
Bacteria,Proteobacteria,Alphaproteobacteria,NA,NA,NA,NA
Bacteria,Acidobacteria,Acidobacteria_Gp6,Gp6,NA,NA,NA
Bacteria,Proteobacteria,Betaproteobacteria,NA,NA,NA,NA
Bacteria,Proteobacteria,Alphaproteobacteria,Rhodospirillales,Acetobacteraceae,Belnapia,NA
Bacteria,Bacteroidetes,Cytophagia,Cytophagales,Cytophagaceae,Spirosoma,NA
Bacteria,Firmicutes,Clostridia,Clostridiales,Lachnospiraceae,Ruminococcus2,NA
Bacteria,Proteobacteria,Gammaproteobacteria,Enterobacterales,Erwiniaceae,Pantoea,Pantoea vagans
Bacteria,Actinobacteria,Thermoleophilia,Solirubrobacterales,Patulibacteraceae,Patulibacter,NA
Bacteria,Firmicutes,Bacilli,Lactobacillales,Enterococcaceae,Enterococcus,NA
Bacteria,Proteobacteria,Alphaproteobacteria,Rhizobiales,NA,NA,NA
Bacteria,Proteobacteria,Gammaproteobacteria,Orbales,Orbaceae,Gilliamella,apicola
Bacteria,NA,NA,NA,NA,NA,NA
Bacteria,Proteobacteria,Gammaproteobacteria,Pseudomonadales,Moraxellaceae,Enhydrobacter,aerosaccus
Bacteria,Proteobacteria,Gammaproteobacteria,Gammaproteobacteria_incertae_sedis,Ignatzschineria,NA,NA
Bacteria,Acidobacteria,Acidobacteria_Gp1,Granulicella,NA,NA,NA
Bacteria,NA,NA,NA,NA,NA,NA
Bacteria,Bacteroidetes,Cytophagia,Cytophagales,Hymenobacteraceae,Hymenobacter,NA
Bacteria,Proteobacteria,Alphaproteobacteria,Sphingomonadales,Erythrobacteraceae,Novosphingobium,NA
Bacteria,Firmicutes,Clostridia,Clostridiales,Lachnospiraceae,NA,NA
Bacteria,Actinobacteria,Actinobacteria,Kineosporiales,Kineosporiaceae,Kineococcus,NA
Bacteria,NA,NA,NA,NA,NA,NA
Bacteria,Proteobacteria,Alphaproteobacteria,Sphingomonadales,Sphingomonadaceae,Sphingomonas,NA
Bacteria,Firmicutes,Clostridia,Clostridiales,Lachnospiraceae,NA,NA
Bacteria,Proteobacteria,Gammaproteobacteria,Cardiobacteriales,Ignatzschineriaceae,Wohlfahrtiimonas,NA
Bacteria,Bacteroidetes,NA,NA,NA,NA,NA
Bacteria,Proteobacteria,Alphaproteobacteria,Rhodospirillales,Azospirillaceae,Skermanella,NA
Bacteria,Actinobacteria,Actinobacteria,Mycobacteriales,Gordoniaceae,Williamsia,NA
Bacteria,Acidobacteria,Acidobacteria_Gp7,Gp7,NA,NA,NA
Bacteria,Bacteroidetes,Sphingobacteriia,Sphingobacteriales,Sphingobacteriaceae,Mucilaginibacter,aquaedulcis
Bacteria,Bacteroidetes,Sphingobacteriia,Sphingobacteriales,Sphingobacteriaceae,Mucilaginibacter,NA
Bacteria,Proteobacteria,Betaproteobacteria,Burkholderiales,Comamonadaceae,NA,NA
Bacteria,Proteobacteria,NA,NA,NA,NA,NA
Bacteria,Firmicutes,Bacilli,Bacillales,Bacillales_Incertae_Sedis_XII,Exiguobacterium,Exiguobacterium indicum
Bacteria,Proteobacteria,Betaproteobacteria,Burkholderiales,Alcaligenaceae,Pigmentiphaga,NA
Bacteria,Bacteroidetes,Chitinophagia,Chitinophagales,Chitinophagaceae,NA,NA
Bacteria,SR1,NA,NA,NA,NA,NA
Bacteria,Proteobacteria,Alphaproteobacteria,Rhizobiales,NA,NA,NA
Bacteria,Actinobacteria,Actinobacteria,Micrococcales,Dermabacteraceae,Brachybacterium,NA
Bacteria,Proteobacteria,Alphaproteobacteria,Sphingomonadales,Sphingomonadaceae,NA,NA
Bacteria,Proteobacteria,Alphaproteobacteria,Rhizobiales,NA,NA,NA
