"","Kingdom","Phylum","Class","Order","Family","Genus","Species"
"ASV1","Bacteria","Proteobacteria",NA,NA,NA,NA,NA
"ASV2","Bacteria",NA,NA,NA,NA,NA,NA
"ASV3","Bacteria","Firmicutes","Bacilli","Lactobacillales","Lactobacillaceae","Holzapfelia",NA
"ASV4","Bacteria","Proteobacteria","Gammaproteobacteria","Orbales","Orbaceae",NA,NA
"ASV5","Bacteria","Proteobacteria",NA,NA,NA,NA,NA
"ASV6","Bacteria",NA,NA,NA,NA,NA,NA
"ASV7","Bacteria","Proteobacteria","Gammaproteobacteria","Enterobacterales","Enterobacteriaceae",NA,NA
"ASV9","Bacteria","Proteobacteria","Gammaproteobacteria","Enterobacterales",NA,NA,NA
"ASV10","Bacteria","Proteobacteria","Alphaproteobacteria","Rhodospirillales","Acetobacteraceae","Saccharibacter",NA
"ASV12","Bacteria","Proteobacteria","Alphaproteobacteria","Rhodospirillales","Acetobacteraceae","Asaia",NA
"ASV16","Bacteria","Firmicutes","Bacilli","Lactobacillales","Lactobacillaceae","Apilactobacillus",NA
"ASV17","Bacteria","Proteobacteria","Gammaproteobacteria","Pseudomonadales","Moraxellaceae",NA,NA
"ASV18","Bacteria","Firmicutes","Bacilli","Lactobacillales","Lactobacillaceae",NA,NA
"ASV19","Bacteria","Proteobacteria","Gammaproteobacteria","Enterobacterales","Morganellaceae","Providencia",NA
"ASV21","Bacteria","Proteobacteria","Gammaproteobacteria","Pseudomonadales","Moraxellaceae","Acinetobacter",NA
"ASV22","Bacteria","Proteobacteria","Gammaproteobacteria","Enterobacterales","Enterobacteriaceae",NA,NA
"ASV23","Bacteria","Firmicutes","Bacilli","Lactobacillales","Streptococcaceae","Lactococcus",NA
"ASV25","Bacteria","Proteobacteria","Gammaproteobacteria","Enterobacterales",NA,NA,NA
"ASV26","Bacteria","Proteobacteria","Gammaproteobacteria","Enterobacterales",NA,NA,NA
"ASV27","Bacteria","Proteobacteria","Gammaproteobacteria","Enterobacterales","Erwiniaceae","Pantoea",NA
"ASV30","Bacteria","Proteobacteria","Alphaproteobacteria","Rhodospirillales","Acetobacteraceae","Saccharibacter","floricola"
"ASV31","Bacteria","Bacteroidetes","Flavobacteriia","Flavobacteriales",NA,NA,NA
"ASV32","Bacteria","Proteobacteria","Alphaproteobacteria","Rhodospirillales","Acetobacteraceae","Saccharibacter",NA
"ASV35","Bacteria","Proteobacteria","Gammaproteobacteria","Enterobacterales","Yersiniaceae",NA,NA
"ASV37","Bacteria","Proteobacteria","Gammaproteobacteria","Enterobacterales","Hafniaceae","Hafnia","alvei"
"ASV40","Bacteria","Firmicutes","Bacilli","Lactobacillales","Enterococcaceae","Enterococcus",NA
"ASV41","Bacteria","Proteobacteria","Gammaproteobacteria","Pseudomonadales","Moraxellaceae","Acinetobacter",NA
"ASV42","Bacteria","Proteobacteria","Gammaproteobacteria","Enterobacterales",NA,NA,NA
"ASV43","Bacteria","Proteobacteria","Gammaproteobacteria","Enterobacterales",NA,NA,NA
"ASV44","Bacteria","Proteobacteria","Gammaproteobacteria","Enterobacterales",NA,NA,NA
"ASV46","Bacteria","Proteobacteria","Gammaproteobacteria","Enterobacterales","Enterobacteriaceae",NA,NA
"ASV47","Bacteria","Proteobacteria","Alphaproteobacteria","Rhodospirillales","Acetobacteraceae",NA,NA
"ASV48","Bacteria","Proteobacteria","Alphaproteobacteria","Rhodospirillales","Acetobacteraceae","Commensalibacter",NA
"ASV50","Bacteria","Proteobacteria","Gammaproteobacteria","Enterobacterales",NA,NA,NA
"ASV51","Bacteria","Proteobacteria","Gammaproteobacteria","Enterobacterales","Yersiniaceae","Serratia",NA
"ASV52","Bacteria","Proteobacteria","Gammaproteobacteria","Enterobacterales",NA,NA,NA
"ASV54","Bacteria","Proteobacteria","Alphaproteobacteria","Rhodospirillales","Acetobacteraceae","Gluconobacter",NA
"ASV57","Bacteria","Proteobacteria","Alphaproteobacteria","Rhodospirillales","Acetobacteraceae","Gluconobacter",NA
"ASV58","Bacteria","Proteobacteria","Gammaproteobacteria","Oceanospirillales","Halomonadaceae",NA,NA
"ASV59","Bacteria","Proteobacteria","Gammaproteobacteria","Pseudomonadales","Pseudomonadaceae","Pseudomonas",NA
"ASV60","Bacteria","Proteobacteria","Gammaproteobacteria","Xanthomonadales","Xanthomonadaceae","Stenotrophomonas",NA
"ASV63","Bacteria","Proteobacteria","Alphaproteobacteria","Rhodospirillales","Acetobacteraceae","Neoasaia","chiangmaiensis"
"ASV66","Bacteria","Proteobacteria","Alphaproteobacteria","Rhodospirillales","Acetobacteraceae","Saccharibacter",NA
"ASV71","Bacteria","Proteobacteria","Alphaproteobacteria","Rickettsiales","Rickettsiaceae","Rickettsia",NA
"ASV72","Bacteria","Bacteroidetes","Flavobacteriia","Flavobacteriales",NA,NA,NA
"ASV73","Bacteria","Proteobacteria","Gammaproteobacteria","Oceanospirillales","Halomonadaceae","Zymobacter","palmae"
"ASV74","Bacteria","Proteobacteria","Alphaproteobacteria","Rhodospirillales","Acetobacteraceae","Commensalibacter",NA
"ASV76","Bacteria","Firmicutes","Bacilli","Lactobacillales","Lactobacillaceae","Leuconostoc",NA
"ASV81","Bacteria","Proteobacteria","Gammaproteobacteria","Enterobacterales","Yersiniaceae","Serratia","symbiotica"
"ASV83","Bacteria","Firmicutes","Bacilli","Lactobacillales","Lactobacillaceae","Fructobacillus",NA
"ASV84","Bacteria","Firmicutes","Bacilli","Lactobacillales","Lactobacillaceae",NA,NA
"ASV85","Bacteria","Actinobacteria","Actinobacteria","Micrococcales","Microbacteriaceae",NA,NA
"ASV86","Bacteria","Firmicutes","Bacilli","Lactobacillales","Lactobacillaceae",NA,NA
"ASV89","Bacteria","Proteobacteria","Alphaproteobacteria","Rhodospirillales","Acetobacteraceae","Acetobacter",NA
"ASV91","Bacteria","Proteobacteria","Gammaproteobacteria","Orbales","Orbaceae","Orbus",NA
"ASV92","Bacteria","Proteobacteria","Alphaproteobacteria","Rhodospirillales","Acetobacteraceae",NA,NA
"ASV93","Bacteria","Proteobacteria","Alphaproteobacteria","Sphingomonadales","Sphingomonadaceae","Sphingomonas",NA
"ASV96","Bacteria","Proteobacteria","Gammaproteobacteria","Enterobacterales","Enterobacteriaceae","Klebsiella",NA
"ASV97","Bacteria","Proteobacteria","Gammaproteobacteria","Enterobacterales",NA,NA,NA
"ASV98","Bacteria","Proteobacteria","Gammaproteobacteria","Enterobacterales",NA,NA,NA
"ASV99","Bacteria","Proteobacteria","Gammaproteobacteria","Pseudomonadales","Pseudomonadaceae","Pseudomonas",NA
"ASV100","Bacteria","Firmicutes","Bacilli","Lactobacillales","Lactobacillaceae","Leuconostoc",NA
"ASV101","Bacteria","Firmicutes","Bacilli","Lactobacillales","Enterococcaceae","Vagococcus",NA
"ASV102","Bacteria","Firmicutes","Bacilli","Lactobacillales","Lactobacillaceae","Fructobacillus","fructosus"
"ASV103","Bacteria","Proteobacteria","Alphaproteobacteria","Rhodospirillales","Acetobacteraceae","Acetobacter",NA
"ASV105","Bacteria","Proteobacteria","Gammaproteobacteria",NA,NA,NA,NA
"ASV106","Bacteria","Proteobacteria","Alphaproteobacteria","Rhodospirillales","Acetobacteraceae","Gluconobacter",NA
"ASV107","Bacteria","Proteobacteria","Alphaproteobacteria","Rhodospirillales","Acetobacteraceae","Saccharibacter",NA
"ASV108","Bacteria","Actinobacteria","Actinobacteria","Micrococcales","Microbacteriaceae","Curtobacterium",NA
"ASV109","Bacteria","Proteobacteria","Gammaproteobacteria","Enterobacterales","Enterobacteriaceae","Klebsiella",NA
"ASV110","Bacteria","Bacteroidetes","Flavobacteriia","Flavobacteriales","Flavobacteriaceae","Flavobacterium",NA
"ASV111","Bacteria","Proteobacteria","Gammaproteobacteria","Xanthomonadales","Rhodanobacteraceae","Luteibacter","rhizovicinus"
"ASV112","Bacteria",NA,NA,NA,NA,NA,NA
"ASV113","Bacteria",NA,NA,NA,NA,NA,NA
"ASV115","Bacteria","Proteobacteria","Alphaproteobacteria","Rhodospirillales","Acetobacteraceae","Saccharibacter",NA
"ASV116","Bacteria","Proteobacteria","Alphaproteobacteria","Rhodospirillales","Acetobacteraceae",NA,NA
"ASV117","Bacteria","Firmicutes","Clostridia","Clostridiales","Lachnospiraceae","Blautia",NA
"ASV118","Bacteria","Proteobacteria","Gammaproteobacteria","Enterobacterales","Erwiniaceae","Tatumella",NA
"ASV121","Bacteria","Proteobacteria","Gammaproteobacteria","Pseudomonadales","Pseudomonadaceae","Pseudomonas",NA
"ASV122","Bacteria","Proteobacteria","Alphaproteobacteria","Sphingomonadales","Sphingomonadaceae","Sphingomonas",NA
"ASV123","Bacteria","Proteobacteria","Gammaproteobacteria","Pseudomonadales","Pseudomonadaceae","Pseudomonas",NA
"ASV124","Bacteria","Bacteroidetes","Bacteroidia","Bacteroidales","Prevotellaceae","Prevotella","copri"
"ASV125","Bacteria","Proteobacteria","Gammaproteobacteria","Enterobacterales","Enterobacteriaceae","Klebsiella",NA
"ASV127","Bacteria","Proteobacteria","Alphaproteobacteria","Sphingomonadales","Sphingomonadaceae","Sphingomonas",NA
"ASV129","Bacteria",NA,NA,NA,NA,NA,NA
"ASV130","Bacteria","Proteobacteria","Gammaproteobacteria","Chromatiales","Chromatiaceae","Rheinheimera",NA
"ASV131","Bacteria","Firmicutes","Bacilli","Lactobacillales","Lactobacillaceae",NA,NA
"ASV132","Bacteria","Proteobacteria","Gammaproteobacteria",NA,NA,NA,NA
"ASV133","Bacteria","Firmicutes","Bacilli","Lactobacillales","Lactobacillaceae","Apilactobacillus",NA
"ASV134","Bacteria","Proteobacteria","Alphaproteobacteria","Rhizobiales","Methylobacteriaceae","Methylorubrum",NA
"ASV135","Bacteria","Firmicutes","Bacilli","Lactobacillales","Lactobacillaceae","Apilactobacillus",NA
"ASV137","Bacteria","Proteobacteria","Alphaproteobacteria","Rhizobiales","Methylobacteriaceae","Methylobacterium","aerolatum"
"ASV138","Bacteria","Proteobacteria","Gammaproteobacteria","Enterobacterales","Morganellaceae","Arsenophonus","endosymbiont"
"ASV139","Bacteria","Proteobacteria","Gammaproteobacteria","Pseudomonadales","Pseudomonadaceae","Pseudomonas",NA
"ASV140","Bacteria","Proteobacteria","Alphaproteobacteria","Sphingomonadales","Sphingomonadaceae","Sphingomonas",NA
"ASV141","Bacteria","Proteobacteria","Gammaproteobacteria","Pseudomonadales","Moraxellaceae","Acinetobacter",NA
"ASV142","Bacteria","Proteobacteria","Alphaproteobacteria","Rhizobiales","Aurantimonadaceae","Aureimonas","phyllosphaerae"
"ASV144","Bacteria","Actinobacteria","Actinobacteria","Micrococcales","Microbacteriaceae",NA,NA
"ASV145","Bacteria","Proteobacteria","Gammaproteobacteria","Legionellales","Coxiellaceae","Diplorickettsia",NA
"ASV146","Bacteria","Proteobacteria","Gammaproteobacteria","Orbales","Orbaceae",NA,NA
"ASV151","Bacteria","Proteobacteria","Gammaproteobacteria","Pseudomonadales","Moraxellaceae","Acinetobacter",NA
"ASV152","Bacteria","Proteobacteria","Gammaproteobacteria","Enterobacterales","Pectobacteriaceae","Lonsdalea","quercina"
"ASV153","Bacteria","Proteobacteria","Gammaproteobacteria","Oceanospirillales","Halomonadaceae",NA,NA
"ASV156","Bacteria","Firmicutes","Bacilli","Lactobacillales","Lactobacillaceae","Holzapfelia",NA
"ASV160","Bacteria","Actinobacteria","Actinobacteria","Micrococcales","Microbacteriaceae",NA,NA
"ASV161","Bacteria","Proteobacteria","Gammaproteobacteria","Legionellales","Coxiellaceae","Diplorickettsia",NA
"ASV162","Bacteria","Proteobacteria","Gammaproteobacteria","Pseudomonadales","Pseudomonadaceae","Pseudomonas",NA
"ASV163","Bacteria","Proteobacteria","Alphaproteobacteria","Rhizobiales","Aurantimonadaceae",NA,NA
"ASV164","Bacteria",NA,NA,NA,NA,NA,NA
"ASV166","Bacteria","Proteobacteria","Gammaproteobacteria","Enterobacterales","Enterobacteriaceae",NA,NA
"ASV167","Bacteria","Proteobacteria","Gammaproteobacteria","Enterobacterales",NA,NA,NA
"ASV168","Bacteria","Proteobacteria","Alphaproteobacteria","Rhodospirillales","Acetobacteraceae","Asaia","krungthepensis"
"ASV169","Bacteria","Bacteroidetes","Flavobacteriia","Flavobacteriales","Weeksellaceae","Apibacter",NA
"ASV172","Bacteria","Proteobacteria","Gammaproteobacteria","Pseudomonadales","Pseudomonadaceae",NA,NA
"ASV173","Bacteria","Proteobacteria","Alphaproteobacteria","Rhizobiales",NA,NA,NA
"ASV176","Bacteria","Proteobacteria","Gammaproteobacteria","Oceanospirillales","Halomonadaceae","Zymobacter",NA
"ASV177","Bacteria","Proteobacteria","Alphaproteobacteria","Rhodospirillales","Acetobacteraceae","Commensalibacter",NA
"ASV178","Bacteria","Proteobacteria","Alphaproteobacteria","Sphingomonadales","Sphingomonadaceae","Sphingomonas",NA
"ASV183","Bacteria","Chloroflexi","Chloroflexia","Herpetosiphonales","Herpetosiphonaceae","Herpetosiphon",NA
"ASV184","Bacteria","Proteobacteria","Alphaproteobacteria","Rhizobiales","Methylobacteriaceae","Methylobacterium",NA
"ASV185","Bacteria","Proteobacteria","Betaproteobacteria","Burkholderiales","Comamonadaceae","Pelomonas",NA
"ASV188","Bacteria","Proteobacteria","Alphaproteobacteria","Rhizobiales","Methylobacteriaceae","Methylobacterium","phyllosphaerae"
"ASV189","Bacteria","Proteobacteria","Gammaproteobacteria","Enterobacterales",NA,NA,NA
"ASV190","Bacteria","Firmicutes","Bacilli","Lactobacillales","Streptococcaceae","Lactococcus",NA
"ASV191","Bacteria","Firmicutes","Bacilli","Lactobacillales","Lactobacillaceae","Fructobacillus","fructosus"
"ASV192","Bacteria","Proteobacteria","Gammaproteobacteria","Enterobacterales","Morganellaceae","Morganella","morganii"
"ASV193","Bacteria","Proteobacteria","Gammaproteobacteria",NA,NA,NA,NA
"ASV196","Bacteria","Proteobacteria","Gammaproteobacteria","Enterobacterales",NA,NA,NA
"ASV198","Bacteria","Proteobacteria","Alphaproteobacteria","Sphingomonadales","Sphingomonadaceae","Sphingomonas","yunnanensis"
"ASV199","Bacteria","Proteobacteria","Alphaproteobacteria","Rhodospirillales","Acetobacteraceae","Gluconobacter",NA
"ASV201","Bacteria","Firmicutes","Bacilli","Lactobacillales","Lactobacillaceae","Apilactobacillus",NA
"ASV202","Bacteria","Proteobacteria","Alphaproteobacteria","Rhodospirillales","Acetobacteraceae","Gluconobacter",NA
"ASV204","Bacteria","Firmicutes","Clostridia","Clostridiales","Lachnospiraceae","Blautia",NA
"ASV205","Bacteria","Proteobacteria","Gammaproteobacteria","Pseudomonadales","Moraxellaceae","Acinetobacter",NA
"ASV207","Bacteria","Proteobacteria","Gammaproteobacteria","Enterobacterales",NA,NA,NA
"ASV209","Bacteria","Proteobacteria","Alphaproteobacteria","Sphingomonadales","Erythrobacteraceae","Novosphingobium",NA
"ASV210","Bacteria","Proteobacteria","Gammaproteobacteria","Enterobacterales",NA,NA,NA
"ASV211","Bacteria",NA,NA,NA,NA,NA,NA
"ASV212","Bacteria","Proteobacteria","Gammaproteobacteria","Pseudomonadales","Pseudomonadaceae","Pseudomonas",NA
"ASV214","Bacteria","Proteobacteria","Alphaproteobacteria","Rhodospirillales","Acetobacteraceae","Neokomagataea","tanensis"
"ASV215","Bacteria","Proteobacteria","Alphaproteobacteria","Sphingomonadales","Sphingomonadaceae","Sphingomonas",NA
"ASV216","Bacteria","Proteobacteria","Alphaproteobacteria","Sphingomonadales","Sphingomonadaceae","Sphingomonas",NA
"ASV218","Bacteria","Firmicutes","Bacilli","Bacillales","Bacillaceae_1","Alkalihalobacillus",NA
"ASV219","Bacteria",NA,NA,NA,NA,NA,NA
"ASV226","Bacteria",NA,NA,NA,NA,NA,NA
"ASV231","Bacteria",NA,NA,NA,NA,NA,NA
"ASV232","Bacteria","Proteobacteria","Betaproteobacteria","Burkholderiales","Comamonadaceae",NA,NA
"ASV233","Bacteria","Proteobacteria","Gammaproteobacteria","Enterobacterales","Morganellaceae","Arsenophonus",NA
"ASV235","Bacteria","Bacteroidetes","Sphingobacteriia","Sphingobacteriales","Sphingobacteriaceae","Mucilaginibacter",NA
"ASV236","Bacteria","Actinobacteria","Actinobacteria","Micrococcales","Micrococcaceae","Pseudarthrobacter",NA
"ASV237","Bacteria","Proteobacteria","Alphaproteobacteria","Sphingomonadales","Sphingomonadaceae","Sphingomonas",NA
"ASV238","Bacteria","Proteobacteria","Alphaproteobacteria","Sphingomonadales","Sphingomonadaceae","Sphingomonas","sanxanigenens"
"ASV239","Bacteria","Proteobacteria","Gammaproteobacteria","Pseudomonadales","Pseudomonadaceae","Pseudomonas",NA
"ASV240","Bacteria","Proteobacteria","Gammaproteobacteria","Enterobacterales",NA,NA,NA
"ASV241","Bacteria","Proteobacteria","Alphaproteobacteria","Rhizobiales",NA,NA,NA
"ASV242","Bacteria","Proteobacteria","Betaproteobacteria","Burkholderiales","Burkholderiaceae","Burkholderia","pseudomultivorans"
"ASV243","Bacteria",NA,NA,NA,NA,NA,NA
"ASV245","Bacteria","Proteobacteria","Gammaproteobacteria","Orbales","Orbaceae","Orbus","hercynius"
"ASV246","Bacteria","Proteobacteria","Gammaproteobacteria",NA,NA,NA,NA
"ASV248","Bacteria","Proteobacteria","Alphaproteobacteria","Sphingomonadales","Sphingomonadaceae",NA,NA
"ASV249","Bacteria","Abditibacteriota","Abditibacteria","Abditibacteriales","Abditibacteriaceae","Abditibacterium",NA
"ASV250","Bacteria","Proteobacteria","Betaproteobacteria","Burkholderiales","Oxalobacteraceae","Massilia",NA
"ASV252","Bacteria","Proteobacteria","Gammaproteobacteria","Xanthomonadales","Xanthomonadaceae","Xanthomonas",NA
"ASV253","Bacteria","Bacteroidetes","Sphingobacteriia","Sphingobacteriales","Sphingobacteriaceae","Pedobacter",NA
"ASV255","Bacteria","Bacteroidetes","Cytophagia","Cytophagales","Cytophagaceae","Spirosoma",NA
"ASV256","Bacteria","Proteobacteria","Gammaproteobacteria","Gammaproteobacteria_incertae_sedis","Ignatzschineria",NA,NA
"ASV257","Bacteria","Proteobacteria","Alphaproteobacteria","Sphingomonadales","Sphingomonadaceae","Sphingomonas",NA
"ASV258","Bacteria","Proteobacteria","Gammaproteobacteria","Chromatiales","Chromatiaceae","Rheinheimera","chironomi"
"ASV259","Bacteria","Proteobacteria","Alphaproteobacteria","Rhizobiales","Aurantimonadaceae","Aureimonas",NA
"ASV260","Bacteria","Proteobacteria","Alphaproteobacteria","Sphingomonadales","Sphingomonadaceae","Sphingomonas",NA
"ASV261","Bacteria","Cyanobacteria/Chloroplast",NA,NA,NA,NA,NA
"ASV263","Bacteria","Proteobacteria","Alphaproteobacteria","Rhizobiales","Devosiaceae","Devosia",NA
"ASV264","Bacteria","Proteobacteria","Gammaproteobacteria","Enterobacterales",NA,NA,NA
"ASV267","Bacteria","Proteobacteria","Betaproteobacteria","Burkholderiales","Comamonadaceae","Acidovorax",NA
"ASV268","Bacteria","Firmicutes","Bacilli","Lactobacillales","Lactobacillaceae",NA,NA
"ASV269","Bacteria","Bacteroidetes","Chitinophagia","Chitinophagales","Chitinophagaceae",NA,NA
"ASV270","Bacteria","Bacteroidetes","Chitinophagia","Chitinophagales","Chitinophagaceae",NA,NA
"ASV272","Bacteria","Proteobacteria","Alphaproteobacteria","Rhizobiales","Rhizobiaceae",NA,NA
"ASV273","Bacteria","Proteobacteria","Alphaproteobacteria","Rhizobiales","Methylobacteriaceae","Microvirga",NA
"ASV274","Bacteria",NA,NA,NA,NA,NA,NA
"ASV275","Bacteria","Bacteroidetes","Sphingobacteriia","Sphingobacteriales","Sphingobacteriaceae","Mucilaginibacter",NA
"ASV276","Bacteria","Actinobacteria","Actinobacteria","Mycobacteriales","Corynebacteriaceae","Corynebacterium",NA
"ASV277","Bacteria","Bacteroidetes","Sphingobacteriia","Sphingobacteriales","Sphingobacteriaceae","Mucilaginibacter","myungsuensis"
"ASV278","Bacteria","Proteobacteria","Betaproteobacteria","Burkholderiales","Comamonadaceae",NA,NA
"ASV279","Bacteria","Proteobacteria","Betaproteobacteria","Nitrosomonadales","Methylophilaceae","Methylophilus",NA
"ASV280","Bacteria","Firmicutes","Clostridia","Clostridiales","Lachnospiraceae",NA,NA
"ASV281","Bacteria","Cyanobacteria/Chloroplast",NA,NA,NA,NA,NA
"ASV282","Bacteria","Proteobacteria","Alphaproteobacteria","Rhizobiales","Methylobacteriaceae","Methylobacterium",NA
"ASV283","Bacteria","Proteobacteria","Gammaproteobacteria","Pseudomonadales","Pseudomonadaceae","Pseudomonas",NA
"ASV285","Bacteria","Bacteroidetes","Cytophagia","Cytophagales","Cytophagaceae","Spirosoma",NA
"ASV286","Bacteria","Firmicutes","Clostridia","Clostridiales","Peptoniphilaceae","Anaerococcus",NA
"ASV287","Bacteria","Proteobacteria","Alphaproteobacteria","Caulobacterales","Caulobacteraceae","Brevundimonas",NA
"ASV288","Bacteria","Proteobacteria","Gammaproteobacteria","Enterobacterales","Enterobacteriaceae",NA,NA
"ASV289","Bacteria","Proteobacteria","Betaproteobacteria","Neisseriales","Neisseriaceae","Snodgrassella",NA
"ASV290","Bacteria","Firmicutes","Clostridia","Clostridiales","Clostridiaceae_1","Clostridium_sensu_stricto",NA
"ASV292","Bacteria","Proteobacteria","Alphaproteobacteria","Rhizobiales","Methylobacteriaceae","Methylobacterium","adhaesivum"
"ASV293","Bacteria","Proteobacteria","Betaproteobacteria","Burkholderiales","Comamonadaceae","Rhizobacter","fulvus"
"ASV294","Bacteria","Proteobacteria","Gammaproteobacteria","Pseudomonadales","Moraxellaceae",NA,NA
"ASV295","Bacteria","Proteobacteria","Alphaproteobacteria","Rhizobiales",NA,NA,NA
"ASV297","Bacteria","Cyanobacteria/Chloroplast","Cyanobacteria",NA,NA,NA,NA
"ASV298","Bacteria","Proteobacteria","Alphaproteobacteria","Rhodospirillales","Acetobacteraceae","Roseomonas",NA
"ASV301","Bacteria","Proteobacteria","Deltaproteobacteria","Myxococcales",NA,NA,NA
"ASV302","Bacteria","Proteobacteria","Alphaproteobacteria","Rhizobiales","Rhizobiaceae",NA,NA
"ASV304","Bacteria",NA,NA,NA,NA,NA,NA
"ASV305","Bacteria","Proteobacteria","Alphaproteobacteria","Sphingomonadales","Sphingomonadaceae","Sphingomonas",NA
"ASV306","Bacteria",NA,NA,NA,NA,NA,NA
"ASV309","Bacteria","Proteobacteria","Alphaproteobacteria","Sphingomonadales","Erythrobacteraceae","Novosphingobium","aromaticivorans"
"ASV310","Bacteria","Proteobacteria","Betaproteobacteria","Burkholderiales","Burkholderiaceae","Burkholderia",NA
"ASV311","Bacteria","Proteobacteria","Alphaproteobacteria","Sphingomonadales","Sphingomonadaceae","Sphingomonas","trueperi"
"ASV312","Bacteria","Proteobacteria","Gammaproteobacteria","Enterobacterales",NA,NA,NA
"ASV313","Bacteria",NA,NA,NA,NA,NA,NA
"ASV314","Bacteria","Proteobacteria","Alphaproteobacteria","Rhizobiales","Rhizobiaceae",NA,NA
"ASV315","Bacteria","Proteobacteria","Betaproteobacteria","Burkholderiales",NA,NA,NA
"ASV316","Bacteria","Bacteroidetes","Cytophagia","Cytophagales","Cytophagaceae","Dyadobacter",NA
"ASV317","Bacteria","Proteobacteria","Gammaproteobacteria",NA,NA,NA,NA
"ASV320","Bacteria","Proteobacteria","Alphaproteobacteria","Sphingomonadales","Sphingomonadaceae","Sphingomonas",NA
"ASV321","Bacteria","Proteobacteria","Betaproteobacteria","Burkholderiales","Oxalobacteraceae","Duganella",NA
"ASV322","Bacteria","Planctomycetes","Planctomycetacia",NA,NA,NA,NA
"ASV323","Bacteria","Proteobacteria","Betaproteobacteria","Nitrosomonadales","Gallionellaceae","Sideroxydans",NA
"ASV324","Bacteria","Proteobacteria","Alphaproteobacteria","Rhizobiales",NA,NA,NA
"ASV326","Bacteria","Proteobacteria","Alphaproteobacteria","Sphingomonadales","Sphingomonadaceae","Sphingomonas",NA
"ASV327","Bacteria","Actinobacteria","Actinobacteria","Micrococcales","Microbacteriaceae","Frondihabitans",NA
"ASV328","Bacteria","Proteobacteria","Gammaproteobacteria","Pseudomonadales","Pseudomonadaceae","Pseudomonas",NA
"ASV329","Bacteria",NA,NA,NA,NA,NA,NA
"ASV332","Bacteria","Proteobacteria","Betaproteobacteria",NA,NA,NA,NA
"ASV333","Bacteria","Proteobacteria","Gammaproteobacteria","Pseudomonadales","Pseudomonadaceae","Pseudomonas",NA
"ASV335","Bacteria","Firmicutes","Bacilli","Lactobacillales","Lactobacillaceae","Leuconostoc",NA
"ASV337","Bacteria","Bacteroidetes","Sphingobacteriia","Sphingobacteriales","Sphingobacteriaceae","Pedobacter",NA
"ASV338","Bacteria","Firmicutes","Bacilli","Lactobacillales","Lactobacillaceae","Apilactobacillus",NA
"ASV340","Bacteria","Bacteroidetes",NA,NA,NA,NA,NA
"ASV341","Bacteria",NA,NA,NA,NA,NA,NA
"ASV342","Bacteria",NA,NA,NA,NA,NA,NA
"ASV343","Bacteria",NA,NA,NA,NA,NA,NA
"ASV344","Bacteria","Proteobacteria","Alphaproteobacteria","Rhodospirillales","Rhodospirillaceae",NA,NA
"ASV345","Bacteria","Deinococcus-Thermus","Deinococci","Deinococcales","Deinococcaceae","Deinococcus","citri"
"ASV346","Bacteria","Proteobacteria","Alphaproteobacteria","Rhizobiales","Aurantimonadaceae","Aureimonas",NA
"ASV350","Bacteria","Proteobacteria","Alphaproteobacteria","Rhodospirillales","Acetobacteraceae","Tanticharoenia",NA
"ASV352","Bacteria","Bacteroidetes","Flavobacteriia","Flavobacteriales","Flavobacteriaceae","Flavobacterium",NA
"ASV353","Bacteria",NA,NA,NA,NA,NA,NA
"ASV355","Bacteria","Proteobacteria","Alphaproteobacteria","Sphingomonadales","Sphingomonadaceae","Sphingomonas",NA
"ASV356","Bacteria","Proteobacteria","Betaproteobacteria","Burkholderiales","Comamonadaceae",NA,NA
"ASV358","Bacteria","Acidobacteria",NA,NA,NA,NA,NA
"ASV359","Bacteria","Proteobacteria","Betaproteobacteria","Burkholderiales","Comamonadaceae","Aquabacterium",NA
"ASV360","Bacteria","Proteobacteria","Gammaproteobacteria","Orbales","Orbaceae","Orbus",NA
"ASV362","Bacteria","Actinobacteria","Actinobacteria","Micrococcales","Microbacteriaceae","Herbiconiux",NA
"ASV364","Bacteria","Actinobacteria","Actinobacteria","Pseudonocardiales","Pseudonocardiaceae",NA,NA
"ASV367","Bacteria",NA,NA,NA,NA,NA,NA
"ASV368","Bacteria","Bacteroidetes",NA,NA,NA,NA,NA
"ASV369","Bacteria","Actinobacteria","Actinobacteria","Geodermatophilales","Geodermatophilaceae","Klenkia",NA
"ASV370","Bacteria","Proteobacteria","Betaproteobacteria","Burkholderiales","Burkholderiaceae",NA,NA
"ASV371","Bacteria","Proteobacteria","Gammaproteobacteria","Pseudomonadales","Moraxellaceae","Acinetobacter","radioresistens"
"ASV372","Bacteria",NA,NA,NA,NA,NA,NA
"ASV373","Bacteria","Planctomycetes","Planctomycetacia","Planctomycetales","Gemmataceae","Fimbriiglobus",NA
"ASV374","Bacteria",NA,NA,NA,NA,NA,NA
"ASV375","Bacteria","Proteobacteria","Gammaproteobacteria","Legionellales","Legionellaceae","Legionella",NA
"ASV376","Bacteria","Proteobacteria","Betaproteobacteria","Burkholderiales","Burkholderiaceae","Polynucleobacter",NA
"ASV377","Bacteria","Proteobacteria","Gammaproteobacteria","Xanthomonadales","Xanthomonadaceae","Luteimonas",NA
"ASV378","Bacteria","Proteobacteria","Alphaproteobacteria","Rhizobiales","Methylobacteriaceae","Methylobacterium","komagatae"
"ASV381","Bacteria","Deinococcus-Thermus","Deinococci","Trueperales","Trueperaceae","Truepera",NA
"ASV382","Bacteria",NA,NA,NA,NA,NA,NA
"ASV383","Bacteria","Chloroflexi","Chloroflexia","Kallotenuales","Kallotenuaceae","Kallotenue",NA
"ASV384","Bacteria",NA,NA,NA,NA,NA,NA
"ASV385","Bacteria","Proteobacteria","Alphaproteobacteria","Caulobacterales","Caulobacteraceae","Aquidulcibacter",NA
"ASV386","Bacteria",NA,NA,NA,NA,NA,NA
"ASV387","Bacteria",NA,NA,NA,NA,NA,NA
"ASV388","Bacteria","Proteobacteria","Gammaproteobacteria","Enterobacterales","Erwiniaceae",NA,NA
"ASV389","Bacteria","Bacteroidetes","Sphingobacteriia","Sphingobacteriales","Sphingobacteriaceae","Sphingobacterium",NA
"ASV391","Bacteria","Proteobacteria","Gammaproteobacteria","Pseudomonadales","Pseudomonadaceae","Pseudomonas",NA
"ASV392","Bacteria","Bacteroidetes","Cytophagia","Cytophagales","Hymenobacteraceae","Hymenobacter",NA
"ASV394","Bacteria","Bacteroidetes","Flavobacteriia","Flavobacteriales","Flavobacteriaceae","Flavobacterium",NA
"ASV395","Bacteria",NA,NA,NA,NA,NA,NA
"ASV396","Bacteria","Proteobacteria","Alphaproteobacteria","Sphingomonadales","Sphingomonadaceae",NA,NA
"ASV398","Bacteria","Firmicutes","Clostridia","Clostridiales","Lachnospiraceae","Mediterraneibacter",NA
"ASV402","Bacteria","Firmicutes","Clostridia","Clostridiales",NA,NA,NA
"ASV403","Bacteria","Gemmatimonadetes","Gemmatimonadetes","Gemmatimonadales","Gemmatimonadaceae","Gemmatimonas",NA
"ASV404","Bacteria",NA,NA,NA,NA,NA,NA
"ASV405","Bacteria","Proteobacteria","Gammaproteobacteria","Oceanospirillales","Halomonadaceae",NA,NA
"ASV406","Bacteria","Proteobacteria","Alphaproteobacteria","Rhizobiales","Aurantimonadaceae",NA,NA
"ASV407","Bacteria","Proteobacteria","Alphaproteobacteria","Rhizobiales","Devosiaceae","Devosia",NA
"ASV409","Bacteria","Proteobacteria","Alphaproteobacteria","Rhizobiales","Rhizobiaceae","Agrobacterium",NA
"ASV410","Bacteria","Proteobacteria","Gammaproteobacteria","Legionellales","Legionellaceae","Legionella",NA
"ASV411","Bacteria","Actinobacteria","Actinobacteria","Mycobacteriales","Mycobacteriaceae","Mycobacterium",NA
"ASV412","Bacteria","Proteobacteria","Gammaproteobacteria","Pseudomonadales","Pseudomonadaceae",NA,NA
"ASV414","Bacteria","Proteobacteria","Gammaproteobacteria","Pseudomonadales","Moraxellaceae","Acinetobacter",NA
"ASV416","Bacteria","Proteobacteria","Alphaproteobacteria","Sphingomonadales","Sphingomonadaceae","Sphingomonas",NA
"ASV417","Bacteria","Proteobacteria","Betaproteobacteria","Burkholderiales","Comamonadaceae",NA,NA
"ASV419","Bacteria",NA,NA,NA,NA,NA,NA
"ASV420","Bacteria",NA,NA,NA,NA,NA,NA
"ASV421","Bacteria","Proteobacteria","Deltaproteobacteria","Desulfovibrionales","Desulfovibrionaceae","Desulfovibrio",NA
"ASV422","Bacteria","Campilobacterota","Campylobacteria","Campylobacterales","Thiovulaceae","Sulfuricurvum","kujiense"
"ASV425","Bacteria","Bacteroidetes","Flavobacteriia","Flavobacteriales","Flavobacteriaceae","Flavobacterium",NA
"ASV426","Bacteria","Proteobacteria","Alphaproteobacteria","Sphingomonadales","Sphingomonadaceae","Sphingomonas",NA
"ASV427","Bacteria",NA,NA,NA,NA,NA,NA
"ASV428","Bacteria","Actinobacteria","Actinobacteria","Micrococcales","Microbacteriaceae",NA,NA
"ASV429","Bacteria","Firmicutes","Bacilli","Lactobacillales","Lactobacillaceae",NA,NA
"ASV430","Bacteria","Proteobacteria","Gammaproteobacteria","Orbales","Orbaceae","Orbus","sasakiae"
"ASV431","Bacteria",NA,NA,NA,NA,NA,NA
"ASV432","Bacteria","Actinobacteria","Actinobacteria","Micrococcales","Micrococcaceae","Glutamicibacter",NA
"ASV433","Bacteria","Proteobacteria","Betaproteobacteria","Burkholderiales","Comamonadaceae",NA,NA
"ASV434","Bacteria",NA,NA,NA,NA,NA,NA
"ASV435","Bacteria",NA,NA,NA,NA,NA,NA
"ASV436","Bacteria",NA,NA,NA,NA,NA,NA
"ASV437","Bacteria","Proteobacteria","Alphaproteobacteria","Rhodospirillales",NA,NA,NA
"ASV438","Bacteria","Bacteroidetes","Bacteroidia","Bacteroidales","Bacteroidaceae","Bacteroides",NA
"ASV439","Bacteria","Proteobacteria","Alphaproteobacteria","Rhizobiales",NA,NA,NA
"ASV440","Bacteria","Bacteroidetes","Flavobacteriia","Flavobacteriales","Weeksellaceae","Chryseobacterium",NA
"ASV444","Bacteria","Proteobacteria","Gammaproteobacteria","Pseudomonadales","Pseudomonadaceae","Pseudomonas",NA
"ASV445","Bacteria","Actinobacteria","Actinobacteria","Mycobacteriales","Corynebacteriaceae","Corynebacterium",NA
"ASV446","Bacteria","Proteobacteria","Alphaproteobacteria","Rhodospirillales","Acetobacteraceae","Roseomonas",NA
"ASV447","Bacteria","Proteobacteria","Betaproteobacteria","Burkholderiales","Oxalobacteraceae","Massilia",NA
"ASV448","Bacteria",NA,NA,NA,NA,NA,NA
"ASV450","Bacteria",NA,NA,NA,NA,NA,NA
"ASV451","Bacteria",NA,NA,NA,NA,NA,NA
"ASV452","Bacteria","Proteobacteria","Alphaproteobacteria","Rhizobiales","Aurantimonadaceae",NA,NA
"ASV453","Bacteria","Proteobacteria","Gammaproteobacteria","Pseudomonadales","Moraxellaceae","Acinetobacter",NA
"ASV454","Bacteria","Proteobacteria","Alphaproteobacteria","Sphingomonadales",NA,NA,NA
"ASV455","Bacteria","Proteobacteria","Alphaproteobacteria","Rhodospirillales","Acetobacteraceae",NA,NA
"ASV456","Bacteria",NA,NA,NA,NA,NA,NA
"ASV457","Bacteria","Proteobacteria","Gammaproteobacteria",NA,NA,NA,NA
"ASV458","Bacteria","Proteobacteria","Deltaproteobacteria","Myxococcales","Polyangiaceae",NA,NA
"ASV459","Bacteria","Proteobacteria","Gammaproteobacteria","Enterobacterales","Pectobacteriaceae",NA,NA
"ASV460","Bacteria",NA,NA,NA,NA,NA,NA
"ASV463","Bacteria","Bacteroidetes","Flavobacteriia","Flavobacteriales","Weeksellaceae","Chryseobacterium",NA
"ASV464","Bacteria","Actinobacteria","Actinobacteria","Propionibacteriales","Nocardioidaceae","Marmoricola",NA
"ASV465","Bacteria","Actinobacteria","Actinobacteria","Mycobacteriales","Corynebacteriaceae","Corynebacterium","massiliense"
"ASV466","Bacteria","Gemmatimonadetes","Gemmatimonadetes","Gemmatimonadales","Gemmatimonadaceae","Gemmatimonas",NA
"ASV467","Bacteria","Chlamydiae","Chlamydiia","Chlamydiales","Parachlamydiaceae","Neochlamydia",NA
"ASV468","Bacteria",NA,NA,NA,NA,NA,NA
"ASV469","Bacteria","Proteobacteria","Deltaproteobacteria","Myxococcales","Sandaracinaceae","Sandaracinus",NA
"ASV471","Bacteria","Bacteroidetes","Bacteroidia","Bacteroidales","Prevotellaceae","Prevotella",NA
"ASV472","Bacteria","Firmicutes","Bacilli","Lactobacillales","Lactobacillaceae","Holzapfelia",NA
"ASV473","Bacteria","Proteobacteria","Gammaproteobacteria","Pseudomonadales","Pseudomonadaceae","Pseudomonas",NA
"ASV474","Bacteria","Proteobacteria","Alphaproteobacteria","Rhizobiales","Methylobacteriaceae","Methylobacterium",NA
"ASV475","Bacteria",NA,NA,NA,NA,NA,NA
"ASV476","Bacteria","Cyanobacteria/Chloroplast",NA,NA,NA,NA,NA
"ASV477","Bacteria","Bacteroidetes","Flavobacteriia","Flavobacteriales","Flavobacteriaceae","Flavobacterium",NA
"ASV479","Bacteria","Cyanobacteria/Chloroplast","Cyanobacteria",NA,NA,NA,NA
"ASV480","Bacteria","Proteobacteria","Alphaproteobacteria","Rhizobiales",NA,NA,NA
"ASV481","Bacteria","Actinobacteria","Actinobacteria","Mycobacteriales","Corynebacteriaceae","Corynebacterium",NA
"ASV482","Bacteria","Proteobacteria","Alphaproteobacteria","Rhizobiales","Methylobacteriaceae","Methylobacterium","aquaticum"
"ASV483","Bacteria","Bacteroidetes","Flavobacteriia","Flavobacteriales","Weeksellaceae","Chryseobacterium",NA
"ASV485","Bacteria","Proteobacteria","Alphaproteobacteria","Sphingomonadales","Sphingomonadaceae","Sphingomonas",NA
"ASV486","Bacteria","Actinobacteria","Thermoleophilia","Solirubrobacterales","Patulibacteraceae","Patulibacter","minatonensis"
"ASV487","Bacteria","Bacteroidetes","Flavobacteriia","Flavobacteriales","Flavobacteriaceae","Flavobacterium",NA
"ASV488","Bacteria","Proteobacteria","Alphaproteobacteria","Rhizobiales",NA,NA,NA
"ASV489","Bacteria","Proteobacteria","Betaproteobacteria","Burkholderiales","Comamonadaceae","Ramlibacter",NA
"ASV490","Bacteria","Proteobacteria","Gammaproteobacteria","Enterobacterales","Pectobacteriaceae","Sodalis",NA
"ASV491","Bacteria","Proteobacteria","Alphaproteobacteria","Rhizobiales",NA,NA,NA
"ASV493","Bacteria","Bacteroidetes","Cytophagia","Cytophagales","Cytophagaceae","Spirosoma",NA
"ASV494","Bacteria","Campilobacterota","Campylobacteria","Campylobacterales","Sulfurovaceae","Sulfurovum",NA
"ASV495","Bacteria","Proteobacteria","Alphaproteobacteria","Rhizobiales",NA,NA,NA
"ASV496","Bacteria",NA,NA,NA,NA,NA,NA
"ASV497","Bacteria","Firmicutes","Clostridia","Clostridiales","Ruminococcaceae",NA,NA
"ASV498","Bacteria","Proteobacteria","Alphaproteobacteria","Sphingomonadales","Sphingomonadaceae","Sphingomonas","yunnanensis"
"ASV499","Bacteria",NA,NA,NA,NA,NA,NA
"ASV500","Bacteria","Proteobacteria","Alphaproteobacteria","Rhizobiales","Methylobacteriaceae","Methylobacterium",NA
"ASV501","Bacteria",NA,NA,NA,NA,NA,NA
"ASV503","Bacteria","Proteobacteria","Betaproteobacteria","Burkholderiales","Oxalobacteraceae","Undibacterium",NA
"ASV504","Bacteria","Bacteroidetes",NA,NA,NA,NA,NA
"ASV505","Bacteria","Bacteroidetes",NA,NA,NA,NA,NA
"ASV506","Bacteria","Proteobacteria","Betaproteobacteria","Burkholderiales","Comamonadaceae",NA,NA
"ASV507","Bacteria","Firmicutes","Bacilli","Lactobacillales","Lactobacillaceae","Weissella",NA
"ASV508","Bacteria","Firmicutes","Clostridia","Clostridiales","Lachnospiraceae","Faecalimonas",NA
"ASV509","Bacteria","Proteobacteria","Alphaproteobacteria","Sphingomonadales","Sphingomonadaceae","Sphingomonas","desiccabilis"
"ASV510","Bacteria","Proteobacteria","Alphaproteobacteria","Rhizobiales",NA,NA,NA
"ASV511","Bacteria","Firmicutes","Clostridia","Clostridiales","Lachnospiraceae","Enterocloster",NA
"ASV512","Bacteria","Actinobacteria","Actinobacteria","Mycobacteriales","Mycobacteriaceae","Mycobacterium",NA
"ASV513","Bacteria","Proteobacteria","Alphaproteobacteria","Sphingomonadales","Sphingomonadaceae","Sphingomonas",NA
"ASV514","Bacteria","Proteobacteria","Deltaproteobacteria","Myxococcales",NA,NA,NA
"ASV515","Bacteria","Proteobacteria","Gammaproteobacteria","Orbales","Orbaceae",NA,NA
"ASV516","Bacteria","Cyanobacteria/Chloroplast",NA,NA,NA,NA,NA
"ASV517","Bacteria","Bacteroidetes","Flavobacteriia","Flavobacteriales","Weeksellaceae",NA,NA
"ASV518","Bacteria","Bacteroidetes","Flavobacteriia","Flavobacteriales","Weeksellaceae","Chryseobacterium",NA
"ASV520","Bacteria","Proteobacteria","Betaproteobacteria","Burkholderiales","Comamonadaceae",NA,NA
"ASV521","Bacteria","Actinobacteria","Actinobacteria","Pseudonocardiales","Pseudonocardiaceae","Pseudonocardia",NA
"ASV522","Bacteria","Proteobacteria","Alphaproteobacteria","Rhodospirillales","Acetobacteraceae","Roseomonas",NA
"ASV523","Bacteria","Proteobacteria","Alphaproteobacteria","Sphingomonadales","Sphingomonadaceae",NA,NA
"ASV524","Bacteria","Proteobacteria","Deltaproteobacteria","Myxococcales",NA,NA,NA
"ASV525","Bacteria","Actinobacteria","Thermoleophilia","Solirubrobacterales","Solirubrobacteraceae","Solirubrobacter",NA
"ASV526","Bacteria","Proteobacteria","Alphaproteobacteria","Rhizobiales","Methylobacteriaceae","Methylobacterium",NA
"ASV527","Bacteria","Gemmatimonadetes","Gemmatimonadetes","Gemmatimonadales","Gemmatimonadaceae","Roseisolibacter",NA
"ASV528","Bacteria","Proteobacteria","Betaproteobacteria","Burkholderiales","Comamonadaceae",NA,NA
"ASV530","Bacteria",NA,NA,NA,NA,NA,NA
"ASV532","Bacteria","Firmicutes","Clostridia","Clostridiales","Lachnospiraceae","Fusicatenibacter","saccharivorans"
"ASV534","Bacteria","Proteobacteria","Alphaproteobacteria","Rhodospirillales","Acetobacteraceae","Asaia",NA
"ASV535","Bacteria","Proteobacteria","Betaproteobacteria","Burkholderiales","Burkholderiaceae","Caballeronia",NA
"ASV536","Bacteria","Proteobacteria","Gammaproteobacteria","Enterobacterales","Enterobacteriaceae",NA,NA
"ASV537","Bacteria","Proteobacteria","Alphaproteobacteria","Rhizobiales","Aurantimonadaceae",NA,NA
"ASV538","Bacteria","Firmicutes","Bacilli","Lactobacillales","Lactobacillaceae","Holzapfelia",NA
"ASV539","Bacteria","Proteobacteria","Alphaproteobacteria","Rhizobiales","Methylobacteriaceae","Methylobacterium",NA
"ASV540","Bacteria","Proteobacteria","Betaproteobacteria","Burkholderiales","Comamonadaceae","Ramlibacter",NA
"ASV541","Bacteria","Actinobacteria","Actinobacteria","Kineosporiales","Kineosporiaceae","Kineococcus",NA
"ASV542","Bacteria","Proteobacteria","Alphaproteobacteria","Rhizobiales",NA,NA,NA
"ASV544","Bacteria","Proteobacteria","Alphaproteobacteria","Rhodospirillales","Acetobacteraceae",NA,NA
"ASV546","Bacteria",NA,NA,NA,NA,NA,NA
"ASV547","Bacteria","Proteobacteria","Alphaproteobacteria","Sphingomonadales","Erythrobacteraceae","Porphyrobacter",NA
"ASV548","Bacteria","Proteobacteria","Alphaproteobacteria","Sphingomonadales","Sphingomonadaceae",NA,NA
"ASV549","Bacteria",NA,NA,NA,NA,NA,NA
"ASV550","Bacteria","Parcubacteria",NA,NA,NA,NA,NA
"ASV551","Bacteria","Proteobacteria","Gammaproteobacteria","Enterobacterales","Erwiniaceae","Buchnera",NA
"ASV552","Bacteria","Firmicutes","Bacilli","Bacillales","Staphylococcaceae","Staphylococcus",NA
"ASV553","Bacteria","Actinobacteria","Rubrobacteria","Rubrobacterales","Rubrobacteraceae","Rubrobacter","bracarensis"
"ASV554","Bacteria","Proteobacteria",NA,NA,NA,NA,NA
"ASV555","Bacteria","Proteobacteria","Alphaproteobacteria","Rhodospirillales","Acetobacteraceae","Saccharibacter",NA
"ASV556","Bacteria","Proteobacteria","Gammaproteobacteria","Enterobacterales","Enterobacteriaceae","Escherichia/Shigella",NA
"ASV557","Bacteria","Cyanobacteria/Chloroplast",NA,NA,NA,NA,NA
"ASV558","Bacteria","Proteobacteria","Alphaproteobacteria","Rhizobiales","Aurantimonadaceae","Aureimonas",NA
"ASV559","Bacteria","Firmicutes","Clostridia","Clostridiales","Lachnospiraceae","Blautia",NA
"ASV560","Bacteria","Proteobacteria","Alphaproteobacteria","Rhodospirillales","Acetobacteraceae","Roseomonas",NA
"ASV561","Bacteria",NA,NA,NA,NA,NA,NA
"ASV563","Bacteria","Proteobacteria","Alphaproteobacteria","Rhodospirillales","Acetobacteraceae","Commensalibacter",NA
"ASV564","Bacteria","Proteobacteria","Alphaproteobacteria","Rhodospirillales","Acetobacteraceae","Commensalibacter",NA
"ASV565","Bacteria","Nitrospirae","Nitrospira","Nitrospirales","Nitrospiraceae","Nitrospira","cf."
"ASV566","Bacteria","Proteobacteria","Alphaproteobacteria","Sphingomonadales","Erythrobacteraceae",NA,NA
"ASV567","Bacteria","Proteobacteria","Alphaproteobacteria","Rhizobiales",NA,NA,NA
"ASV568","Bacteria","Bacteroidetes","Cytophagia","Cytophagales","Hymenobacteraceae","Hymenobacter",NA
"ASV569","Bacteria",NA,NA,NA,NA,NA,NA
"ASV570","Bacteria","Actinobacteria","Actinobacteria","Mycobacteriales","Mycobacteriaceae","Mycobacterium",NA
"ASV571","Bacteria","Proteobacteria","Alphaproteobacteria","Rhizobiales","Rhizobiaceae",NA,NA
"ASV572","Bacteria","Proteobacteria","Deltaproteobacteria",NA,NA,NA,NA
"ASV573","Bacteria","Bacteroidetes","Cytophagia","Cytophagales","Cytophagaceae","Lacihabitans",NA
"ASV574","Bacteria","Parcubacteria",NA,NA,NA,NA,NA
"ASV575","Bacteria","Bacteroidetes","Chitinophagia","Chitinophagales","Chitinophagaceae",NA,NA
"ASV576","Bacteria","Chlamydiae","Chlamydiia","Chlamydiales","Parachlamydiaceae","Neochlamydia",NA
"ASV577","Bacteria","Proteobacteria",NA,NA,NA,NA,NA
"ASV578","Bacteria","Proteobacteria","Alphaproteobacteria","Sphingomonadales","Sphingomonadaceae","Sphingomonas",NA
"ASV579","Bacteria","Cyanobacteria/Chloroplast",NA,NA,NA,NA,NA
"ASV580","Bacteria","Proteobacteria","Alphaproteobacteria","Rhodospirillales","Acetobacteraceae",NA,NA
"ASV581","Bacteria","Proteobacteria","Betaproteobacteria","Burkholderiales","Oxalobacteraceae","Massilia","putida"
"ASV583","Bacteria","Proteobacteria","Alphaproteobacteria","Rhodobacterales","Rhodobacteraceae",NA,NA
"ASV584","Bacteria","Firmicutes","Bacilli","Lactobacillales","Enterococcaceae","Vagococcus","teuberi"
"ASV585","Bacteria","Bacteroidetes","Bacteroidia","Bacteroidales","Dysgonomonadaceae","Dysgonomonas",NA
"ASV586","Bacteria","Proteobacteria","Alphaproteobacteria","Rhizobiales","Rhizobiaceae",NA,NA
"ASV588","Bacteria","Proteobacteria","Gammaproteobacteria","Legionellales","Legionellaceae","Legionella",NA
"ASV589","Bacteria","Proteobacteria","Alphaproteobacteria","Sphingomonadales","Erythrobacteraceae","Novosphingobium",NA
"ASV590","Bacteria","Proteobacteria","Gammaproteobacteria","Orbales","Orbaceae",NA,NA
"ASV591","Bacteria","Proteobacteria","Alphaproteobacteria","Rhizobiales","Methylobacteriaceae","Methylobacterium","gossipiicola"
"ASV592","Bacteria",NA,NA,NA,NA,NA,NA
"ASV593","Bacteria","Actinobacteria","Actinobacteria","Micrococcales","Microbacteriaceae","Amnibacterium",NA
"ASV594","Bacteria","Proteobacteria","Alphaproteobacteria","Rhizobiales","Methylobacteriaceae",NA,NA
"ASV595","Bacteria","Proteobacteria","Alphaproteobacteria","Sphingomonadales","Sphingosinicellaceae","Sphingoaurantiacus",NA
"ASV597","Bacteria","Proteobacteria","Alphaproteobacteria","Rhodospirillales","Azospirillaceae","Azospirillum","doebereinerae"
"ASV598","Bacteria",NA,NA,NA,NA,NA,NA
"ASV599","Bacteria","Proteobacteria","Alphaproteobacteria","Rhizobiales","Devosiaceae","Devosia",NA
"ASV601","Bacteria","Proteobacteria","Alphaproteobacteria","Rhodospirillales","Acetobacteraceae","Saccharibacter",NA
"ASV602","Bacteria","Proteobacteria",NA,NA,NA,NA,NA
"ASV603","Bacteria","Bacteroidetes","Sphingobacteriia","Sphingobacteriales","Sphingobacteriaceae","Mucilaginibacter",NA
"ASV604","Bacteria","Proteobacteria","Gammaproteobacteria","Pseudomonadales","Pseudomonadaceae","Pseudomonas",NA
"ASV605","Bacteria","Actinobacteria","Actinobacteria","Micrococcales","Dermabacteraceae","Brachybacterium",NA
"ASV606","Bacteria","Proteobacteria","Alphaproteobacteria","Sphingomonadales","Sphingomonadaceae","Sphingomonas",NA
"ASV607","Bacteria","Proteobacteria",NA,NA,NA,NA,NA
"ASV608","Bacteria","Proteobacteria","Alphaproteobacteria","Sphingomonadales","Sphingomonadaceae","Sphingomonas",NA
"ASV609","Bacteria","Proteobacteria","Gammaproteobacteria","Enterobacterales","Pectobacteriaceae",NA,NA
"ASV610","Bacteria","Proteobacteria","Betaproteobacteria","Burkholderiales","Burkholderiaceae","Robbsia",NA
"ASV611","Bacteria","Proteobacteria","Alphaproteobacteria","Sphingomonadales","Sphingomonadaceae","Sphingomonas",NA
"ASV612","Bacteria","Firmicutes","Clostridia","Clostridiales","Peptostreptococcaceae","Peptacetobacter",NA
"ASV613","Bacteria","Proteobacteria","Gammaproteobacteria","Xanthomonadales","Xanthomonadaceae","Stenotrophomonas","maltophilia"
"ASV614","Bacteria",NA,NA,NA,NA,NA,NA
"ASV615","Bacteria","Proteobacteria","Alphaproteobacteria","Sphingomonadales","Erythrobacteraceae","Novosphingobium",NA
"ASV617","Bacteria","Bacteroidetes","Flavobacteriia","Flavobacteriales","Weeksellaceae","Chryseobacterium",NA
"ASV618","Bacteria","Bacteroidetes","Flavobacteriia","Flavobacteriales","Flavobacteriaceae","Flavobacterium",NA
"ASV619","Bacteria","Proteobacteria","Alphaproteobacteria","Rhodospirillales","Acetobacteraceae",NA,NA
"ASV620","Bacteria","Bacteroidetes",NA,NA,NA,NA,NA
"ASV621","Bacteria","Proteobacteria","Deltaproteobacteria","Myxococcales","Nannocystaceae",NA,NA
"ASV622","Bacteria","Actinobacteria","Actinobacteria","Pseudonocardiales","Pseudonocardiaceae","Pseudonocardia",NA
"ASV623","Bacteria","Acidobacteria","Acidobacteria_Gp10","Gp10",NA,NA,NA
"ASV624","Bacteria","Proteobacteria","Gammaproteobacteria","Aeromonadales","Succinivibrionaceae","Anaerobiospirillum",NA
"ASV625","Bacteria","Bacteroidetes","Bacteroidia","Bacteroidales","Porphyromonadaceae","Parabacteroides","merdae"
"ASV626","Bacteria","Proteobacteria","Gammaproteobacteria","Enterobacterales","Morganellaceae","Proteus",NA
"ASV627","Bacteria","Proteobacteria","Alphaproteobacteria","Rhizobiales",NA,NA,NA
"ASV628","Bacteria","Firmicutes","Bacilli","Bacillales","Staphylococcaceae","Staphylococcus",NA
"ASV630","Bacteria","Proteobacteria","Gammaproteobacteria","Pseudomonadales","Pseudomonadaceae",NA,NA
"ASV631","Bacteria","Bacteroidetes","Bacteroidia","Bacteroidales","Prevotellaceae","Prevotella",NA
"ASV632","Bacteria","Proteobacteria","Alphaproteobacteria","Sphingomonadales","Erythrobacteraceae","Novosphingobium","arabidopsis"
"ASV633","Bacteria","Proteobacteria","Betaproteobacteria","Burkholderiales","Comamonadaceae",NA,NA
"ASV634","Bacteria","Proteobacteria","Alphaproteobacteria","Rhizobiales","Aurantimonadaceae","Aureimonas","altamirensis"
"ASV637","Bacteria","Bacteroidetes","Sphingobacteriia","Sphingobacteriales","Sphingobacteriaceae","Pedobacter","panaciterrae"
"ASV638","Bacteria","Proteobacteria","Betaproteobacteria","Burkholderiales","Comamonadaceae",NA,NA
"ASV639","Bacteria","Firmicutes","Bacilli","Lactobacillales","Lactobacillaceae","Leuconostoc",NA
"ASV640","Bacteria","Firmicutes","Bacilli","Lactobacillales","Streptococcaceae","Lactococcus",NA
"ASV641","Bacteria","Proteobacteria","Betaproteobacteria","Burkholderiales","Comamonadaceae",NA,NA
"ASV642","Bacteria","Bacteroidetes","Flavobacteriia","Flavobacteriales","Flavobacteriaceae","Myroides",NA
"ASV643","Bacteria","Cyanobacteria/Chloroplast",NA,NA,NA,NA,NA
"ASV644","Bacteria","Proteobacteria","Gammaproteobacteria","Pseudomonadales","Moraxellaceae",NA,NA
"ASV645","Bacteria","Proteobacteria",NA,NA,NA,NA,NA
"ASV646","Bacteria","Proteobacteria","Gammaproteobacteria","Pseudomonadales","Pseudomonadaceae","Pseudomonas",NA
"ASV648","Bacteria","Proteobacteria","Deltaproteobacteria","Myxococcales",NA,NA,NA
"ASV649","Bacteria","Firmicutes","Clostridia","Clostridiales","Lachnospiraceae",NA,NA
"ASV650","Bacteria","Proteobacteria","Gammaproteobacteria","Enterobacterales","Enterobacteriaceae",NA,NA
"ASV651","Bacteria","Proteobacteria","Alphaproteobacteria","Rhizobiales","Devosiaceae","Devosia",NA
"ASV652","Bacteria","Cyanobacteria/Chloroplast",NA,NA,NA,NA,NA
"ASV653","Bacteria",NA,NA,NA,NA,NA,NA
"ASV655","Bacteria","Bacteroidetes","Cytophagia","Cytophagales","Hymenobacteraceae","Hymenobacter",NA
"ASV656","Bacteria","Proteobacteria","Alphaproteobacteria","Rhizobiales","Methylobacteriaceae","Methylobacterium",NA
"ASV657","Bacteria","Actinobacteria","Actinobacteria","Mycobacteriales","Mycobacteriaceae","Mycobacterium",NA
"ASV658","Bacteria","Bacteroidetes","Flavobacteriia","Flavobacteriales","Flavobacteriaceae","Flavobacterium",NA
"ASV659","Bacteria",NA,NA,NA,NA,NA,NA
"ASV661","Bacteria","Proteobacteria","Betaproteobacteria","Neisseriales","Neisseriaceae","Neisseria",NA
"ASV662","Bacteria","Bacteroidetes","Flavobacteriia","Flavobacteriales","Weeksellaceae","Elizabethkingia",NA
"ASV663","Bacteria",NA,NA,NA,NA,NA,NA
"ASV664","Bacteria",NA,NA,NA,NA,NA,NA
"ASV665","Bacteria","Bacteroidetes","Flavobacteriia","Flavobacteriales","Flavobacteriaceae","Flavobacterium",NA
"ASV666","Bacteria","Proteobacteria","Alphaproteobacteria","Sphingomonadales","Sphingomonadaceae","Sphingomonas",NA
"ASV667","Bacteria","Proteobacteria","Alphaproteobacteria","Sphingomonadales","Sphingomonadaceae","Sphingomonas",NA
"ASV668","Bacteria","Proteobacteria","Betaproteobacteria","Burkholderiales","Comamonadaceae",NA,NA
"ASV670","Bacteria","Proteobacteria","Gammaproteobacteria",NA,NA,NA,NA
"ASV671","Bacteria","Chlamydiae","Chlamydiia","Chlamydiales",NA,NA,NA
"ASV672","Bacteria","Proteobacteria","Alphaproteobacteria",NA,NA,NA,NA
"ASV673","Bacteria","Firmicutes","Clostridia","Clostridiales","Peptostreptococcaceae","Romboutsia",NA
"ASV674","Bacteria","Firmicutes","Bacilli","Lactobacillales","Lactobacillaceae",NA,NA
"ASV675","Bacteria","Proteobacteria","Gammaproteobacteria","Enterobacterales",NA,NA,NA
"ASV677","Bacteria","Verrucomicrobia","Verrucomicrobiae","Verrucomicrobiales","Verrucomicrobiaceae","Luteolibacter",NA
"ASV678","Bacteria",NA,NA,NA,NA,NA,NA
"ASV679","Bacteria","Proteobacteria","Betaproteobacteria","Burkholderiales","Comamonadaceae",NA,NA
"ASV680","Bacteria",NA,NA,NA,NA,NA,NA
"ASV681","Bacteria","Proteobacteria","Alphaproteobacteria","Rhizobiales",NA,NA,NA
"ASV683","Bacteria","Bacteroidetes","Sphingobacteriia","Sphingobacteriales","Sphingobacteriaceae","Mucilaginibacter","daejeonensis"
"ASV684","Bacteria",NA,NA,NA,NA,NA,NA
"ASV685","Bacteria","Actinobacteria","Actinobacteria",NA,NA,NA,NA
"ASV686","Bacteria","Bacteroidetes","Flavobacteriia","Flavobacteriales","Weeksellaceae","Chryseobacterium",NA
"ASV687","Bacteria",NA,NA,NA,NA,NA,NA
"ASV688","Bacteria","Proteobacteria","Alphaproteobacteria","Rhizobiales","Methylobacteriaceae","Methylobacterium",NA
"ASV689","Bacteria","Proteobacteria","Betaproteobacteria",NA,NA,NA,NA
"ASV690","Bacteria","Acidobacteria","Acidobacteria_Gp1","Terriglobus",NA,NA,NA
"ASV691","Bacteria","Bacteroidetes","Cytophagia","Cytophagales","Hymenobacteraceae","Hymenobacter",NA
"ASV692","Bacteria","Firmicutes",NA,NA,NA,NA,NA
"ASV693","Bacteria","Proteobacteria","Alphaproteobacteria","Rhizobiales","Bartonellaceae","Bartonella",NA
"ASV694","Bacteria","Actinobacteria","Actinobacteria","Mycobacteriales","Nocardiaceae","Rhodococcus",NA
"ASV696","Bacteria","Proteobacteria","Gammaproteobacteria","Enterobacterales","Enterobacteriaceae",NA,NA
"ASV697","Bacteria",NA,NA,NA,NA,NA,NA
"ASV698","Bacteria","Bacteroidetes","Cytophagia","Cytophagales",NA,NA,NA
"ASV699","Bacteria","Actinobacteria","Actinobacteria","Micrococcales","Microbacteriaceae",NA,NA
"ASV700","Bacteria","Proteobacteria","Alphaproteobacteria","Sphingomonadales","Erythrobacteraceae","Croceibacterium",NA
"ASV701","Bacteria","Proteobacteria","Alphaproteobacteria","Rhizobiales","Methylobacteriaceae","Methylobacterium",NA
"ASV702","Bacteria","Firmicutes","Bacilli","Bacillales","Staphylococcaceae","Staphylococcus",NA
"ASV703","Bacteria","Proteobacteria","Gammaproteobacteria","Enterobacterales","Pectobacteriaceae","Dickeya",NA
"ASV704","Bacteria","Proteobacteria","Alphaproteobacteria","Rhodobacterales","Rhodobacteraceae","Amaricoccus","tamworthensis"
"ASV707","Bacteria","Actinobacteria","Thermoleophilia","Solirubrobacterales","Parviterribacteraceae","Parviterribacter",NA
"ASV708","Bacteria",NA,NA,NA,NA,NA,NA
"ASV710","Bacteria","Proteobacteria","Betaproteobacteria","Burkholderiales","Burkholderiaceae","Paraburkholderia",NA
"ASV711","Bacteria","Bacteroidetes","Cytophagia","Cytophagales","Cytophagaceae","Aquirufa",NA
"ASV712","Bacteria","Bacteroidetes","Flavobacteriia","Flavobacteriales","Weeksellaceae","Chryseobacterium",NA
"ASV713","Bacteria","Proteobacteria","Alphaproteobacteria","Rhizobiales",NA,NA,NA
"ASV714","Bacteria","Proteobacteria","Betaproteobacteria","Burkholderiales","Comamonadaceae",NA,NA
"ASV715","Bacteria",NA,NA,NA,NA,NA,NA
"ASV716","Bacteria","Proteobacteria","Betaproteobacteria","Burkholderiales","Comamonadaceae",NA,NA
"ASV717","Bacteria","Bacteroidetes","Flavobacteriia","Flavobacteriales","Flavobacteriaceae","Flavobacterium","terrigena"
"ASV718","Bacteria","Actinobacteria","Actinobacteria","Micrococcales",NA,NA,NA
"ASV719","Bacteria","Proteobacteria","Alphaproteobacteria","Rhodospirillales","Acetobacteraceae","Roseomonas","aerophila"
"ASV720","Bacteria","Bacteroidetes",NA,NA,NA,NA,NA
"ASV721","Bacteria","Firmicutes","Bacilli","Bacillales","Alicyclobacillaceae","Tumebacillus",NA
"ASV722","Bacteria","Bacteroidetes","Bacteroidia","Bacteroidales","Rikenellaceae","Alistipes","finegoldii"
"ASV723","Bacteria","Firmicutes","Bacilli","Bacillales","Bacillaceae_1",NA,NA
"ASV724","Bacteria","Proteobacteria","Alphaproteobacteria","Sphingomonadales","Sphingomonadaceae",NA,NA
"ASV725","Bacteria","Actinobacteria","Actinobacteria","Micrococcales","Micrococcaceae",NA,NA
"ASV726","Bacteria","Actinobacteria","Actinobacteria","Mycobacteriales","Corynebacteriaceae","Corynebacterium",NA
"ASV727","Bacteria","Firmicutes","Bacilli","Lactobacillales","Lactobacillaceae","Lactobacillus","kitasatonis"
"ASV729","Bacteria","Firmicutes","Bacilli","Lactobacillales","Lactobacillaceae","Holzapfelia",NA
"ASV730","Bacteria","Planctomycetes","Planctomycetacia","Planctomycetales","Isosphaeraceae",NA,NA
"ASV731","Bacteria","Actinobacteria","Actinobacteria","Mycobacteriales","Mycobacteriaceae","Mycobacterium",NA
"ASV732","Bacteria","Proteobacteria","Alphaproteobacteria","Rhodobacterales","Rhodobacteraceae","Rubellimicrobium",NA
"ASV733","Bacteria","Proteobacteria","Betaproteobacteria","Burkholderiales","Alcaligenaceae","Azohydromonas","australica"
"ASV738","Bacteria","Acidobacteria","Blastocatellia","Blastocatellales","Blastocatellaceae",NA,NA
"ASV739","Bacteria","Proteobacteria","Gammaproteobacteria","Orbales","Orbaceae","Gilliamella",NA
"ASV740","Bacteria","Proteobacteria","Gammaproteobacteria","Xanthomonadales","Xanthomonadaceae","Stenotrophomonas",NA
"ASV741","Bacteria","Proteobacteria","Alphaproteobacteria","Sphingomonadales","Erythrobacteraceae","Novosphingobium",NA
"ASV742","Bacteria","Proteobacteria","Alphaproteobacteria","Sphingomonadales","Sphingomonadaceae",NA,NA
"ASV743","Bacteria","Proteobacteria","Deltaproteobacteria","Myxococcales",NA,NA,NA
"ASV744","Bacteria","Proteobacteria","Alphaproteobacteria","Rhizobiales",NA,NA,NA
"ASV745","Bacteria","Verrucomicrobia","Subdivision3",NA,NA,NA,NA
"ASV746","Bacteria","Proteobacteria","Gammaproteobacteria","Legionellales","Legionellaceae","Legionella",NA
"ASV747","Bacteria",NA,NA,NA,NA,NA,NA
"ASV748","Bacteria","Bacteroidetes",NA,NA,NA,NA,NA
"ASV749","Bacteria","Verrucomicrobia","Subdivision3",NA,NA,NA,NA
"ASV750","Bacteria","Proteobacteria","Alphaproteobacteria","Sphingomonadales","Sphingomonadaceae",NA,NA
"ASV751","Bacteria","Proteobacteria","Alphaproteobacteria","Sphingomonadales","Sphingomonadaceae",NA,NA
"ASV752","Bacteria","Bacteroidetes","Flavobacteriia","Flavobacteriales","Cryomorphaceae","Fluviicola",NA
"ASV753","Bacteria","Proteobacteria","Alphaproteobacteria","Rhizobiales","Rhizobiaceae",NA,NA
"ASV754","Bacteria","Proteobacteria","Gammaproteobacteria","Legionellales","Coxiellaceae","Diplorickettsia",NA
"ASV755","Bacteria","Proteobacteria","Betaproteobacteria","Burkholderiales",NA,NA,NA
"ASV756","Bacteria","Actinobacteria","Actinobacteria","Pseudonocardiales","Pseudonocardiaceae","Pseudonocardia",NA
"ASV757","Bacteria","Proteobacteria","Deltaproteobacteria","Myxococcales","Polyangiaceae","Chondromyces",NA
"ASV758","Bacteria","Actinobacteria","Actinobacteria","Sporichthyales","Sporichthyaceae","Longivirga",NA
"ASV759","Bacteria","Bacteroidetes","Bacteroidia","Bacteroidales","Bacteroidaceae","Bacteroides",NA
"ASV760","Bacteria","Campilobacterota","Campylobacteria","Campylobacterales","Helicobacteraceae","Helicobacter",NA
"ASV762","Bacteria","Bacteroidetes","Flavobacteriia","Flavobacteriales","Weeksellaceae","Chryseobacterium",NA
"ASV763","Bacteria","Firmicutes","Clostridia","Clostridiales","Lachnospiraceae",NA,NA
"ASV764","Bacteria","Proteobacteria","Alphaproteobacteria","Sphingomonadales","Sphingomonadaceae",NA,NA
"ASV765","Bacteria","Proteobacteria","Alphaproteobacteria","Rhizobiales","Rhizobiaceae","Martelella","endophytica"
"ASV766","Bacteria","Proteobacteria","Alphaproteobacteria","Sphingomonadales","Sphingomonadaceae",NA,NA
"ASV767","Bacteria","Proteobacteria","Alphaproteobacteria","Sphingomonadales","Sphingomonadaceae","Sphingomonas","rubra"
"ASV768","Bacteria","Proteobacteria","Deltaproteobacteria","Myxococcales",NA,NA,NA
"ASV769","Bacteria",NA,NA,NA,NA,NA,NA
"ASV770","Bacteria","Proteobacteria","Alphaproteobacteria","Sphingomonadales","Sphingomonadaceae","Sphingomonas",NA
"ASV771","Bacteria","Bacteroidetes","Bacteroidia","Bacteroidales","Dysgonomonadaceae","Dysgonomonas",NA
"ASV772","Bacteria","Proteobacteria","Gammaproteobacteria","Orbales","Orbaceae",NA,NA
"ASV773","Bacteria","Proteobacteria","Betaproteobacteria","Burkholderiales",NA,NA,NA
"ASV774","Bacteria","Proteobacteria","Alphaproteobacteria","Rhizobiales",NA,NA,NA
"ASV775","Bacteria","Proteobacteria","Alphaproteobacteria","Sphingomonadales","Sphingomonadaceae","Sphingomonas",NA
"ASV778","Bacteria","Acidobacteria","Acidobacteria_Gp7","Gp7",NA,NA,NA
"ASV779","Bacteria","Bacteroidetes","Chitinophagia","Chitinophagales","Chitinophagaceae","Segetibacter",NA
"ASV780","Bacteria","Cyanobacteria/Chloroplast","Cyanobacteria",NA,NA,NA,NA
"ASV781","Bacteria","Proteobacteria","Gammaproteobacteria","Legionellales","Legionellaceae","Legionella",NA
"ASV782","Bacteria",NA,NA,NA,NA,NA,NA
"ASV783","Bacteria",NA,NA,NA,NA,NA,NA
"ASV784","Bacteria","Proteobacteria","Gammaproteobacteria","Nevskiales","Steroidobacteraceae","Povalibacter","uvarum"
"ASV785","Bacteria","Proteobacteria","Alphaproteobacteria","Rhizobiales",NA,NA,NA
"ASV786","Bacteria","Proteobacteria","Alphaproteobacteria","Rhodospirillales","Acetobacteraceae",NA,NA
"ASV787","Bacteria",NA,NA,NA,NA,NA,NA
"ASV788","Bacteria","Proteobacteria","Gammaproteobacteria","Enterobacterales","Enterobacteriaceae",NA,NA
"ASV790","Bacteria",NA,NA,NA,NA,NA,NA
"ASV791","Bacteria",NA,NA,NA,NA,NA,NA
"ASV792","Bacteria",NA,NA,NA,NA,NA,NA
"ASV793","Bacteria","Actinobacteria","Actinobacteria","Micrococcales","Microbacteriaceae",NA,NA
"ASV794","Bacteria","Proteobacteria","Gammaproteobacteria","Enterobacterales","Yersiniaceae",NA,NA
"ASV795","Bacteria","Proteobacteria","Alphaproteobacteria","Sphingomonadales","Sphingomonadaceae",NA,NA
"ASV796","Bacteria","Proteobacteria","Alphaproteobacteria","Rhizobiales",NA,NA,NA
"ASV797","Bacteria","Proteobacteria","Alphaproteobacteria","Sphingomonadales","Sphingomonadaceae","Sphingomonas","polyaromaticivorans"
"ASV798","Bacteria","Proteobacteria","Alphaproteobacteria","Rhodobacterales","Rhodobacteraceae","Roseovarius",NA
"ASV799","Bacteria","Acidobacteria","Blastocatellia","Blastocatellales","Blastocatellaceae",NA,NA
"ASV800","Bacteria","Proteobacteria","Alphaproteobacteria","Rickettsiales","Rickettsiaceae","Rickettsia","endosymbiont"
"ASV801","Bacteria","Proteobacteria","Alphaproteobacteria","Sphingomonadales","Sphingomonadaceae",NA,NA
"ASV802","Bacteria","Proteobacteria","Gammaproteobacteria","Xanthomonadales","Rhodanobacteraceae",NA,NA
"ASV803","Bacteria","Bacteroidetes","Flavobacteriia","Flavobacteriales","Flavobacteriaceae","Flavobacterium",NA
"ASV804","Bacteria","Proteobacteria","Gammaproteobacteria","Orbales","Orbaceae",NA,NA
"ASV805","Bacteria","Firmicutes","Bacilli","Bacillales","Bacillaceae_1",NA,NA
"ASV806","Bacteria","Proteobacteria","Alphaproteobacteria","Rhizobiales","Methylobacteriaceae","Methylobacterium",NA
"ASV807","Bacteria","Proteobacteria","Alphaproteobacteria",NA,NA,NA,NA
"ASV808","Bacteria","Proteobacteria","Alphaproteobacteria","Rhodospirillales","Acetobacteraceae","Roseomonas",NA
"ASV809","Bacteria","Bacteroidetes","Bacteroidia","Bacteroidales","Rikenellaceae","Alistipes",NA
"ASV810","Bacteria","Proteobacteria","Alphaproteobacteria","Rhodospirillales","Acetobacteraceae",NA,NA
"ASV811","Bacteria","Firmicutes","Clostridia","Clostridiales","Lachnospiraceae","Anaerostipes","hadrus"
"ASV812","Bacteria","Proteobacteria","Alphaproteobacteria","Rhizobiales","Rhizobiaceae",NA,NA
"ASV813","Bacteria",NA,NA,NA,NA,NA,NA
"ASV814","Bacteria","Actinobacteria","Actinobacteria","Micrococcales","Microbacteriaceae",NA,NA
"ASV815","Bacteria","Actinobacteria","Actinobacteria","Actinomycetales","Actinomycetaceae","Mobiluncus","curtisii"
"ASV816","Bacteria","Proteobacteria","Gammaproteobacteria",NA,NA,NA,NA
"ASV817","Bacteria","Proteobacteria","Gammaproteobacteria","Enterobacterales",NA,NA,NA
"ASV818","Bacteria","Firmicutes","Clostridia","Clostridiales","Lachnospiraceae",NA,NA
"ASV819","Bacteria","Proteobacteria","Betaproteobacteria","Burkholderiales","Oxalobacteraceae","Massilia",NA
"ASV820","Bacteria","Bacteroidetes","Flavobacteriia","Flavobacteriales","Weeksellaceae","Chryseobacterium",NA
"ASV821","Bacteria",NA,NA,NA,NA,NA,NA
"ASV822","Bacteria","Proteobacteria","Gammaproteobacteria","Pseudomonadales","Pseudomonadaceae","Pseudomonas",NA
"ASV823","Bacteria","Actinobacteria","Actinobacteria","Propionibacteriales","Nocardioidaceae","Nocardioides",NA
"ASV824","Bacteria","Proteobacteria","Alphaproteobacteria","Sphingomonadales","Sphingomonadaceae","Sphingomonas",NA
"ASV825","Bacteria","Proteobacteria","Betaproteobacteria","Burkholderiales","Comamonadaceae","Ramlibacter",NA
"ASV826","Bacteria","Bacteroidetes","Chitinophagia","Chitinophagales","Chitinophagaceae","Flavisolibacter",NA
"ASV827","Bacteria","Firmicutes","Clostridia","Clostridiales","Ruminococcaceae",NA,NA
"ASV828","Bacteria","Proteobacteria","Alphaproteobacteria","Sphingomonadales","Sphingomonadaceae","Sphingomonas",NA
"ASV829","Bacteria","Proteobacteria","Alphaproteobacteria","Rhizobiales",NA,NA,NA
"ASV830","Bacteria","Bacteroidetes","Chitinophagia","Chitinophagales","Chitinophagaceae",NA,NA
"ASV831","Bacteria","Proteobacteria","Gammaproteobacteria","Legionellales","Coxiellaceae","Diplorickettsia",NA
"ASV832","Bacteria","Proteobacteria","Alphaproteobacteria","Rhizobiales","Rhizobiaceae",NA,NA
"ASV833","Bacteria","Proteobacteria","Alphaproteobacteria","Rhizobiales","Devosiaceae","Devosia",NA
"ASV834","Bacteria","Bacteroidetes","Cytophagia","Cytophagales","Hymenobacteraceae","Hymenobacter",NA
"ASV836","Bacteria","Firmicutes","Bacilli","Bacillales","Planococcaceae","Planococcus",NA
"ASV837","Bacteria","Proteobacteria","Gammaproteobacteria",NA,NA,NA,NA
"ASV838","Bacteria",NA,NA,NA,NA,NA,NA
"ASV839","Bacteria","Proteobacteria","Alphaproteobacteria","Rhizobiales","Aurantimonadaceae","Aureimonas",NA
"ASV840","Bacteria","Planctomycetes","Planctomycetacia","Planctomycetales","Gemmataceae","Limnoglobus",NA
"ASV841","Bacteria",NA,NA,NA,NA,NA,NA
"ASV843","Bacteria","Bacteroidetes",NA,NA,NA,NA,NA
"ASV844","Bacteria","Verrucomicrobia",NA,NA,NA,NA,NA
"ASV845","Bacteria","Cyanobacteria/Chloroplast","Cyanobacteria",NA,NA,NA,NA
"ASV846","Bacteria","Verrucomicrobia","Verrucomicrobiae","Verrucomicrobiales","Verrucomicrobiaceae",NA,NA
"ASV847","Bacteria","Actinobacteria","Actinobacteria","Micrococcales","Micrococcaceae","Paenarthrobacter",NA
"ASV848","Bacteria","Bacteroidetes","Chitinophagia","Chitinophagales","Chitinophagaceae","Sediminibacterium","salmoneum"
"ASV849","Bacteria","Bacteroidetes","Cytophagia","Cytophagales","Cytophagaceae","Arcicella",NA
"ASV850","Bacteria","Proteobacteria","Betaproteobacteria","Burkholderiales","Comamonadaceae","Ramlibacter",NA
"ASV852","Bacteria","Acidobacteria","Acidobacteria_Gp6","Gp6",NA,NA,NA
"ASV853","Bacteria","Proteobacteria","Betaproteobacteria","Burkholderiales","Burkholderiaceae","Robbsia",NA
"ASV854","Bacteria",NA,NA,NA,NA,NA,NA
"ASV855","Bacteria","Proteobacteria","Alphaproteobacteria","Rhodospirillales","Acetobacteraceae","Roseomonas",NA
"ASV856","Bacteria",NA,NA,NA,NA,NA,NA
"ASV857","Bacteria",NA,NA,NA,NA,NA,NA
"ASV858","Bacteria","Proteobacteria","Betaproteobacteria",NA,NA,NA,NA
"ASV859","Bacteria","Proteobacteria","Alphaproteobacteria","Rhodospirillales","Acetobacteraceae",NA,NA
"ASV860","Bacteria","Proteobacteria","Alphaproteobacteria","Sphingomonadales",NA,NA,NA
"ASV861","Bacteria","Proteobacteria","Alphaproteobacteria","Rhizobiales","Rhizobiaceae",NA,NA
"ASV862","Bacteria","Firmicutes","Clostridia","Clostridiales","Lachnospiraceae",NA,NA
"ASV863","Bacteria","Actinobacteria","Actinobacteria","Propionibacteriales","Nocardioidaceae","Marmoricola","korecus"
"ASV864","Bacteria","Actinobacteria","Actinobacteria","Micrococcales","Microbacteriaceae","Arenivirga",NA
"ASV865","Bacteria","Proteobacteria","Gammaproteobacteria","Pseudomonadales","Moraxellaceae","Acinetobacter",NA
"ASV866","Bacteria","Proteobacteria","Alphaproteobacteria","Rhodospirillales","Acetobacteraceae","Gluconobacter",NA
"ASV867","Bacteria","Proteobacteria","Alphaproteobacteria","Rhizobiales","Bradyrhizobiaceae",NA,NA
"ASV868","Bacteria","Proteobacteria","Betaproteobacteria","Burkholderiales",NA,NA,NA
"ASV869","Bacteria","Proteobacteria","Alphaproteobacteria","Rhodospirillales","Acetobacteraceae","Asaia",NA
"ASV870","Bacteria","Firmicutes","Bacilli","Bacillales","Bacillaceae_1",NA,NA
"ASV871","Bacteria","Actinobacteria","Thermoleophilia","Solirubrobacterales","Solirubrobacteraceae","Solirubrobacter",NA
"ASV873","Bacteria","Bacteroidetes","Sphingobacteriia","Sphingobacteriales","Sphingobacteriaceae","Sphingobacterium",NA
"ASV874","Bacteria","Bacteroidetes","Cytophagia","Cytophagales","Hymenobacteraceae","Hymenobacter",NA
"ASV875","Bacteria","Firmicutes","Bacilli","Bacillales","Staphylococcaceae","Staphylococcus",NA
"ASV876","Bacteria","Proteobacteria","Gammaproteobacteria","Pseudomonadales","Moraxellaceae","Acinetobacter","baylyi"
"ASV877","Bacteria","Proteobacteria","Alphaproteobacteria","Rhodobacterales","Rhodobacteraceae",NA,NA
"ASV878","Bacteria","Actinobacteria","Actinobacteria","Geodermatophilales","Geodermatophilaceae","Blastococcus",NA
"ASV879","Bacteria","Firmicutes","Bacilli","Lactobacillales","Enterococcaceae","Vagococcus","fluvialis"
"ASV881","Bacteria","Proteobacteria","Alphaproteobacteria","Rhizobiales","Methylobacteriaceae","Methylobacterium","adhaesivum"
"ASV882","Bacteria","Proteobacteria","Alphaproteobacteria","Caulobacterales","Caulobacteraceae","Phenylobacterium","immobile"
"ASV883","Bacteria","Bacteroidetes","Cytophagia","Cytophagales","Cytophagaceae","Fibrella",NA
"ASV884","Bacteria","Proteobacteria","Alphaproteobacteria","Sphingomonadales","Sphingomonadaceae","Sphingomonas",NA
"ASV885","Bacteria","Proteobacteria",NA,NA,NA,NA,NA
"ASV886","Bacteria","Verrucomicrobia","Spartobacteria",NA,NA,NA,NA
"ASV887","Bacteria","Proteobacteria","Alphaproteobacteria","Rhizobiales","Rhizobiaceae","Rhizobium",NA
"ASV888","Bacteria","Proteobacteria","Alphaproteobacteria","Rhizobiales","Aurantimonadaceae",NA,NA
"ASV889","Bacteria","Proteobacteria","Alphaproteobacteria","Rickettsiales","Rickettsiaceae","Rickettsia",NA
"ASV890","Bacteria","Proteobacteria","Betaproteobacteria","Burkholderiales","Oxalobacteraceae","Massilia",NA
"ASV891","Bacteria","Bacteroidetes","Flavobacteriia","Flavobacteriales","Weeksellaceae","Chryseobacterium",NA
"ASV892","Bacteria","Proteobacteria","Deltaproteobacteria","Myxococcales","Polyangiaceae",NA,NA
"ASV893","Bacteria","Actinobacteria","Actinobacteria","Mycobacteriales","Mycobacteriaceae","Mycobacterium",NA
"ASV894","Bacteria","Proteobacteria","Gammaproteobacteria","Gammaproteobacteria_incertae_sedis","Ignatzschineria",NA,NA
"ASV895","Bacteria",NA,NA,NA,NA,NA,NA
"ASV896","Bacteria","Proteobacteria","Gammaproteobacteria","Gammaproteobacteria_incertae_sedis","Wohlfahrtiimonas",NA,NA
"ASV897","Bacteria","Actinobacteria","Actinobacteria","Mycobacteriales","Gordoniaceae","Gordonia","caeni"
"ASV898","Bacteria","Bacteroidetes",NA,NA,NA,NA,NA
"ASV899","Bacteria","Proteobacteria","Gammaproteobacteria","Pseudomonadales","Pseudomonadaceae","Pseudomonas",NA
"ASV900","Bacteria","Planctomycetes","Planctomycetacia","Planctomycetales","Planctomycetaceae",NA,NA
"ASV901","Bacteria","Proteobacteria","Alphaproteobacteria","Caulobacterales","Hyphomonadaceae","Asprobacter",NA
"ASV902","Bacteria","Bacteroidetes",NA,NA,NA,NA,NA
"ASV903","Bacteria",NA,NA,NA,NA,NA,NA
"ASV904","Bacteria","Proteobacteria","Gammaproteobacteria","Cellvibrionales","Halieaceae",NA,NA
"ASV905","Bacteria","Chloroflexi","Anaerolineae",NA,NA,NA,NA
"ASV906","Bacteria","Bacteroidetes","Cytophagia","Cytophagales","Cytophagaceae","Fibrella",NA
"ASV907","Bacteria","Firmicutes","Bacilli","Lactobacillales","Lactobacillaceae","Holzapfelia",NA
"ASV908","Bacteria","Firmicutes","Clostridia","Clostridiales","Ruminococcaceae","Flintibacter",NA
"ASV909","Bacteria","Firmicutes","Negativicutes","Acidaminococcales","Acidaminococcaceae",NA,NA
"ASV910","Bacteria","Proteobacteria","Alphaproteobacteria","Rhizobiales","Brucellaceae","Brucella",NA
"ASV911","Bacteria","Proteobacteria","Alphaproteobacteria","Rhizobiales",NA,NA,NA
"ASV912","Bacteria","Firmicutes","Clostridia","Clostridiales","Ruminococcaceae",NA,NA
"ASV913","Bacteria","Firmicutes","Bacilli","Lactobacillales","Lactobacillaceae",NA,NA
"ASV914","Bacteria","Actinobacteria","Actinobacteria","Propionibacteriales","Nocardioidaceae","Nocardioides",NA
"ASV915","Bacteria",NA,NA,NA,NA,NA,NA
"ASV916","Bacteria",NA,NA,NA,NA,NA,NA
"ASV917","Bacteria",NA,NA,NA,NA,NA,NA
"ASV918","Bacteria","Proteobacteria","Gammaproteobacteria","Xanthomonadales","Xanthomonadaceae","Stenotrophomonas",NA
"ASV919","Bacteria","Bacteroidetes",NA,NA,NA,NA,NA
"ASV920","Bacteria","Proteobacteria","Alphaproteobacteria","Rhizobiales","Methylobacteriaceae","Methylobacterium",NA
"ASV921","Bacteria","Verrucomicrobia","Subdivision3",NA,NA,NA,NA
"ASV922","Bacteria","Bacteroidetes","Chitinophagia","Chitinophagales","Chitinophagaceae",NA,NA
"ASV923","Bacteria","Bacteroidetes","Flavobacteriia","Flavobacteriales","Flavobacteriaceae","Flavobacterium",NA
"ASV924","Bacteria","Proteobacteria","Alphaproteobacteria","Rhodospirillales","Acetobacteraceae","Roseomonas",NA
"ASV925","Bacteria","Actinobacteria","Actinobacteria","Micrococcales","Micrococcaceae",NA,NA
"ASV926","Bacteria","Proteobacteria","Betaproteobacteria","Neisseriales","Neisseriaceae",NA,NA
"ASV927","Bacteria","Proteobacteria","Alphaproteobacteria","Rhizobiales",NA,NA,NA
"ASV928","Bacteria","Proteobacteria","Alphaproteobacteria","Rhodobacterales","Rhodobacteraceae",NA,NA
"ASV929","Bacteria","Bacteroidetes","Chitinophagia","Chitinophagales","Chitinophagaceae","Paracnuella",NA
"ASV930","Bacteria","Verrucomicrobia",NA,NA,NA,NA,NA
"ASV931","Bacteria","Actinobacteria","Actinobacteria","Micrococcales","Intrasporangiaceae","Oryzihumus",NA
"ASV932","Bacteria","Proteobacteria","Alphaproteobacteria","Rhodobacterales","Rhodobacteraceae",NA,NA
"ASV933","Bacteria","Actinobacteria","Actinobacteria","Mycobacteriales","Nocardiaceae",NA,NA
"ASV934","Bacteria","Bacteroidetes","Sphingobacteriia","Sphingobacteriales","Sphingobacteriaceae","Mucilaginibacter",NA
"ASV935","Bacteria","Proteobacteria","Gammaproteobacteria","Cellvibrionales","Halieaceae",NA,NA
"ASV936","Bacteria",NA,NA,NA,NA,NA,NA
"ASV937","Bacteria",NA,NA,NA,NA,NA,NA
"ASV938","Bacteria","Firmicutes","Bacilli","Bacillales",NA,NA,NA
"ASV939","Bacteria","Proteobacteria","Alphaproteobacteria","Rhizobiales","Aurantimonadaceae",NA,NA
"ASV940","Bacteria",NA,NA,NA,NA,NA,NA
"ASV941","Bacteria","Actinobacteria","Actinobacteria","Actinomycetales","Actinomycetaceae","Actinomyces","bowdenii"
"ASV942","Bacteria","Proteobacteria","Gammaproteobacteria","Pseudomonadales","Pseudomonadaceae","Pseudomonas",NA
"ASV945","Bacteria","Proteobacteria","Alphaproteobacteria","Rhizobiales","Methylobacteriaceae","Methylobacterium",NA
"ASV947","Bacteria","Proteobacteria","Gammaproteobacteria","Enterobacterales","Enterobacteriaceae",NA,NA
"ASV948","Bacteria","Proteobacteria","Alphaproteobacteria","Rhizobiales",NA,NA,NA
"ASV949","Bacteria","Acidobacteria",NA,NA,NA,NA,NA
"ASV950","Bacteria","Bacteroidetes","Bacteroidia","Bacteroidales","Prevotellaceae","Prevotella",NA
"ASV951","Bacteria","Proteobacteria","Gammaproteobacteria","Legionellales","Coxiellaceae","Aquicella",NA
"ASV952","Bacteria","Proteobacteria","Alphaproteobacteria","Caulobacterales","Caulobacteraceae","Caulobacter",NA
"ASV953","Bacteria","Firmicutes","Negativicutes","Veillonellales","Veillonellaceae","Veillonella",NA
"ASV954","Bacteria","Acidobacteria","Blastocatellia","Blastocatellales","Blastocatellaceae","Stenotrophobacter",NA
"ASV955","Bacteria","Firmicutes","Clostridia","Clostridiales","Peptostreptococcaceae","Terrisporobacter",NA
"ASV956","Bacteria","Planctomycetes","Planctomycetacia","Planctomycetales",NA,NA,NA
"ASV957","Bacteria","Firmicutes","Clostridia","Clostridiales","Peptoniphilaceae","Peptoniphilus",NA
"ASV958","Bacteria",NA,NA,NA,NA,NA,NA
"ASV959","Bacteria","Proteobacteria","Deltaproteobacteria","Myxococcales",NA,NA,NA
"ASV960","Bacteria","Firmicutes","Negativicutes","Veillonellales","Veillonellaceae","Veillonella",NA
"ASV962","Bacteria","Proteobacteria","Alphaproteobacteria","Rhizobiales",NA,NA,NA
"ASV963","Bacteria","Actinobacteria","Actinobacteria","Pseudonocardiales","Pseudonocardiaceae","Lentzea","kentuckyensis"
"ASV964","Bacteria","Proteobacteria","Gammaproteobacteria","Pseudomonadales","Moraxellaceae","Alkanindiges","illinoisensis"
"ASV965","Bacteria","Proteobacteria","Betaproteobacteria","Burkholderiales","Alcaligenaceae","Pigmentiphaga",NA
"ASV966","Bacteria","Actinobacteria","Actinobacteria","Kineosporiales","Kineosporiaceae","Kineosporia",NA
"ASV967","Bacteria","Proteobacteria","Alphaproteobacteria","Rhizobiales",NA,NA,NA
"ASV968","Bacteria","Proteobacteria","Alphaproteobacteria","Rhizobiales","Devosiaceae","Devosia",NA
"ASV969","Bacteria","Bacteroidetes","Sphingobacteriia","Sphingobacteriales","Sphingobacteriaceae","Sphingobacterium",NA
"ASV970","Bacteria","Proteobacteria","Alphaproteobacteria","Rhizobiales","Rhizobiaceae",NA,NA
"ASV971","Bacteria","Firmicutes","Bacilli","Bacillales",NA,NA,NA
"ASV972","Bacteria","Proteobacteria","Gammaproteobacteria","Cardiobacteriales","Cardiobacteriaceae",NA,NA
"ASV973","Bacteria","Proteobacteria","Gammaproteobacteria","Xanthomonadales","Xanthomonadaceae","Luteimonas",NA
"ASV974","Bacteria","Proteobacteria","Deltaproteobacteria",NA,NA,NA,NA
"ASV975","Bacteria",NA,NA,NA,NA,NA,NA
"ASV976","Bacteria","Parcubacteria",NA,NA,NA,NA,NA
"ASV977","Bacteria","Parcubacteria",NA,NA,NA,NA,NA
"ASV978","Bacteria",NA,NA,NA,NA,NA,NA
"ASV979","Bacteria",NA,NA,NA,NA,NA,NA
"ASV980","Bacteria","Proteobacteria","Alphaproteobacteria",NA,NA,NA,NA
"ASV981","Bacteria","Proteobacteria","Alphaproteobacteria",NA,NA,NA,NA
"ASV982","Bacteria",NA,NA,NA,NA,NA,NA
"ASV983","Bacteria","Bacteroidetes","Flavobacteriia","Flavobacteriales","Weeksellaceae","Chryseobacterium",NA
"ASV984","Bacteria","Proteobacteria","Alphaproteobacteria","Rhizobiales",NA,NA,NA
"ASV985","Bacteria","Actinobacteria","Acidimicrobiia","Acidimicrobiales",NA,NA,NA
"ASV986","Bacteria","Proteobacteria","Betaproteobacteria",NA,NA,NA,NA
"ASV987","Bacteria","Firmicutes","Clostridia","Clostridiales","Lachnospiraceae",NA,NA
"ASV988","Bacteria","Bacteroidetes","Cytophagia","Cytophagales","Cytophagaceae",NA,NA
"ASV989","Bacteria","Proteobacteria","Alphaproteobacteria","Rhodospirillales","Acetobacteraceae",NA,NA
"ASV990","Bacteria","Verrucomicrobia",NA,NA,NA,NA,NA
"ASV991","Bacteria","Proteobacteria","Oligoflexia","Silvanigrellales","Silvanigrellaceae","Silvanigrella",NA
"ASV992","Bacteria",NA,NA,NA,NA,NA,NA
"ASV993","Bacteria","Bacteroidetes","Sphingobacteriia","Sphingobacteriales","Sphingobacteriaceae","Mucilaginibacter",NA
"ASV994","Bacteria","Proteobacteria","Alphaproteobacteria","Sphingomonadales",NA,NA,NA
"ASV995","Bacteria","Proteobacteria","Alphaproteobacteria","Caulobacterales","Caulobacteraceae","Brevundimonas",NA
"ASV996","Bacteria","Bacteroidetes","Flavobacteriia","Flavobacteriales","Flavobacteriaceae","Flavobacterium",NA
"ASV997","Bacteria","Chlamydiae","Chlamydiia","Chlamydiales",NA,NA,NA
"ASV998","Bacteria",NA,NA,NA,NA,NA,NA
"ASV999","Bacteria",NA,NA,NA,NA,NA,NA
"ASV1000","Bacteria","Acidobacteria","Acidobacteria_Gp6","Gp6",NA,NA,NA
"ASV1001","Bacteria","Verrucomicrobia",NA,NA,NA,NA,NA
"ASV1002","Bacteria","Proteobacteria","Alphaproteobacteria","Rhizobiales","Methylobacteriaceae","Methylobacterium",NA
"ASV1003","Bacteria","Verrucomicrobia",NA,NA,NA,NA,NA
"ASV1004","Bacteria","Verrucomicrobia",NA,NA,NA,NA,NA
"ASV1005","Bacteria","Proteobacteria","Alphaproteobacteria","Caulobacterales","Caulobacteraceae",NA,NA
"ASV1006","Bacteria","Actinobacteria","Acidimicrobiia","Acidimicrobiales","Iamiaceae","Actinomarinicola",NA
"ASV1007","Bacteria","Bacteroidetes","Chitinophagia","Chitinophagales","Chitinophagaceae","Flavisolibacter",NA
"ASV1008","Bacteria","Proteobacteria","Alphaproteobacteria","Rhodospirillales","Azospirillaceae","Skermanella","aerolata"
"ASV1009","Bacteria","Actinobacteria","Actinobacteria",NA,NA,NA,NA
"ASV1010","Bacteria","Verrucomicrobia","Spartobacteria",NA,NA,NA,NA
"ASV1011","Bacteria","Proteobacteria","Gammaproteobacteria","Xanthomonadales","Xanthomonadaceae","Stenotrophomonas","maltophilia"
"ASV1012","Bacteria","Rhodothermaeota","Rhodothermia","Rhodothermales","Rubricoccaceae","Rubrivirga",NA
"ASV1013","Bacteria","Proteobacteria","Alphaproteobacteria","Rhodospirillales","Reyranellaceae","Reyranella",NA
"ASV1014","Bacteria",NA,NA,NA,NA,NA,NA
"ASV1015","Bacteria","Proteobacteria","Alphaproteobacteria",NA,NA,NA,NA
"ASV1016","Bacteria","Acidobacteria","Acidobacteria_Gp6","Gp6",NA,NA,NA
"ASV1017","Bacteria","Proteobacteria","Betaproteobacteria",NA,NA,NA,NA
"ASV1018","Bacteria","Proteobacteria","Alphaproteobacteria","Rhodospirillales","Acetobacteraceae","Belnapia",NA
"ASV1019","Bacteria","Bacteroidetes","Cytophagia","Cytophagales","Cytophagaceae","Spirosoma",NA
"ASV1020","Bacteria","Firmicutes","Clostridia","Clostridiales","Lachnospiraceae","Ruminococcus2",NA
"ASV1021","Bacteria","Proteobacteria","Gammaproteobacteria","Enterobacterales",NA,NA,NA
"ASV1022","Bacteria","Actinobacteria","Thermoleophilia","Solirubrobacterales","Patulibacteraceae","Patulibacter",NA
"ASV1023","Bacteria","Firmicutes","Bacilli","Lactobacillales","Enterococcaceae","Enterococcus",NA
"ASV1024","Bacteria","Proteobacteria","Alphaproteobacteria","Rhizobiales",NA,NA,NA
"ASV1026","Bacteria","Proteobacteria","Gammaproteobacteria","Orbales","Orbaceae","Gilliamella","apicola"
"ASV1027","Bacteria",NA,NA,NA,NA,NA,NA
"ASV1028","Bacteria","Proteobacteria","Gammaproteobacteria","Pseudomonadales","Moraxellaceae","Enhydrobacter","aerosaccus"
"ASV1029","Bacteria","Proteobacteria","Gammaproteobacteria","Gammaproteobacteria_incertae_sedis","Ignatzschineria",NA,NA
"ASV1030","Bacteria","Acidobacteria","Acidobacteria_Gp1","Granulicella",NA,NA,NA
"ASV1031","Bacteria",NA,NA,NA,NA,NA,NA
"ASV1032","Bacteria","Bacteroidetes","Cytophagia","Cytophagales","Hymenobacteraceae","Hymenobacter",NA
"ASV1033","Bacteria","Proteobacteria","Alphaproteobacteria","Sphingomonadales","Erythrobacteraceae","Novosphingobium",NA
"ASV1034","Bacteria","Firmicutes","Clostridia","Clostridiales","Lachnospiraceae",NA,NA
"ASV1035","Bacteria","Actinobacteria","Actinobacteria","Kineosporiales","Kineosporiaceae","Kineococcus",NA
"ASV1036","Bacteria",NA,NA,NA,NA,NA,NA
"ASV1037","Bacteria","Proteobacteria","Alphaproteobacteria","Sphingomonadales","Sphingomonadaceae","Sphingomonas",NA
"ASV1038","Bacteria","Firmicutes","Clostridia","Clostridiales","Lachnospiraceae",NA,NA
"ASV1039","Bacteria","Proteobacteria","Gammaproteobacteria",NA,NA,NA,NA
"ASV1040","Bacteria","Bacteroidetes",NA,NA,NA,NA,NA
"ASV1041","Bacteria","Proteobacteria","Alphaproteobacteria","Rhodospirillales","Azospirillaceae","Skermanella",NA
"ASV1042","Bacteria","Actinobacteria","Actinobacteria","Mycobacteriales","Gordoniaceae","Williamsia",NA
"ASV1043","Bacteria","Acidobacteria","Acidobacteria_Gp7","Gp7",NA,NA,NA
"ASV1044","Bacteria","Bacteroidetes","Sphingobacteriia","Sphingobacteriales","Sphingobacteriaceae","Mucilaginibacter","aquaedulcis"
"ASV1045","Bacteria","Bacteroidetes","Sphingobacteriia","Sphingobacteriales","Sphingobacteriaceae","Mucilaginibacter",NA
"ASV1046","Bacteria","Proteobacteria","Betaproteobacteria","Burkholderiales","Comamonadaceae",NA,NA
"ASV1047","Bacteria","Proteobacteria",NA,NA,NA,NA,NA
"ASV1048","Bacteria","Firmicutes","Bacilli","Bacillales","Bacillales_Incertae_Sedis_XII","Exiguobacterium",NA
"ASV1049","Bacteria","Proteobacteria","Betaproteobacteria","Burkholderiales","Alcaligenaceae","Pigmentiphaga",NA
"ASV1050","Bacteria","Bacteroidetes","Chitinophagia","Chitinophagales","Chitinophagaceae",NA,NA
"ASV1051","Bacteria","SR1",NA,NA,NA,NA,NA
"ASV1052","Bacteria","Proteobacteria","Alphaproteobacteria","Rhizobiales",NA,NA,NA
"ASV1053","Bacteria","Actinobacteria","Actinobacteria","Micrococcales","Dermabacteraceae","Brachybacterium",NA
"ASV1054","Bacteria","Proteobacteria","Alphaproteobacteria","Sphingomonadales","Sphingomonadaceae",NA,NA
"ASV1055","Bacteria","Proteobacteria","Alphaproteobacteria","Rhizobiales",NA,NA,NA
